obs_no,study,pub_reference,pub_year,loc_citystate,lat,long,exp_type,reps,aridity_index,om_pct,soil_type,pH,cc_spec,cc_type,cropsys_tillage,msmt_season,msmt_planting,weed_group,cc_p_mnth,cc_p_mnth2,cc_p_dom,cc_p_den_kgha,cc_p_meth,cc_term_mnth,cc_term_mnth2,cc_term_dom,cc_term_meth,cc_term_meth2,crop_follow,crop_p_mnth,crop_p_mnth2,crop_p_dom,cc_bm_kgha,cc_bm_se,cc_wden,cc_wden_se,ctl_wden,ctl_wden_se,cc_wbio,cc_wbio_se,ctl_wbio,ctl_wbio_se,cc_yield_kgha,cc_yield_se,ctl_yield_kgha,ctl_yield_se,cc_pest,cc_pDOM,ccpl_lubdate,ccpl_doy,cc_termest,ccterm_lubdate,ccterm_doy,crop_pest,croppl_lubdate,croppl_doy,cc_growdays,termgap_days,yieldLRR,wgt,cc_type2,cc_bm_Mgha,resp,LRR
1,1,Davis (2010),2010,"Urbana, IL",40.110588,-88.207268,splitsplitplot,4,0.912,2.4,silt loam,7.2,rye,grass,N,summer,after,summer annual,Sep,9,NA,33,drilled,May,5,13,herbicide,H,soybean,May,5,24,7100,NA,NA,NA,NA,NA,1652,NA,2976,NA,2072,NA,2470,NA,Y,15,NA,NA,NA,2019-05-13,133,NA,2019-05-24,144,NA,11,-0.17570382624264919,2,grass,7.1,bio,-0.5885934418720592
2,1,Davis (2010),2010,"Urbana, IL",40.110588,-88.207268,splitsplitplot,4,0.912,2.4,silt loam,7.2,vetch,legume,N,summer,after,summer annual,Sep,9,NA,112,drilled,May,5,13,herbicide,H,soybean,May,5,24,3500,NA,NA,NA,NA,NA,4361,NA,2976,NA,2075,NA,2470,NA,Y,15,NA,NA,NA,2019-05-13,133,NA,2019-05-24,144,NA,11,-0.17425699695722421,2,non-grass,3.5,bio,0.38212127188978395
3,1,Davis (2010),2010,"Urbana, IL",40.110588,-88.207268,splitsplitplot,4,0.912,2.4,silt loam,7.2,rye,grass,N,summer,after,summer annual,Sep,9,NA,33,drilled,May,5,17,roller crimper,M,soybean,May,5,24,7100,NA,NA,NA,NA,NA,1146,NA,5198,NA,2387,NA,1854,NA,Y,15,NA,NA,NA,2019-05-17,137,NA,2019-05-24,144,NA,7,0.2526918802130296,2,grass,7.1,bio,-1.5119963179267508
4,1,Davis (2010),2010,"Urbana, IL",40.110588,-88.207268,splitsplitplot,4,0.912,2.4,silt loam,7.2,vetch,legume,N,summer,after,summer annual,Sep,9,NA,112,drilled,May,5,17,roller crimper,M,soybean,May,5,24,3500,NA,NA,NA,NA,NA,2766,NA,5198,NA,391,NA,1854,NA,Y,15,NA,NA,NA,2019-05-17,137,NA,2019-05-24,144,NA,7,-1.5563931861404345,2,non-grass,3.5,bio,-0.6308717029767321
5,1,Davis (2010),2010,"Urbana, IL",40.110588,-88.207268,splitsplitplot,4,0.912,2.4,silt loam,7.2,rye,grass,N,summer,after,summer annual,Sep,9,NA,33,drilled,May,5,12,herbicide,H,soybean,Jun,6,2,6000,NA,NA,NA,NA,NA,403,NA,1609,NA,3361,NA,3372,NA,Y,15,NA,NA,NA,2019-05-12,132,NA,2019-06-02,153,NA,21,-0.00326749139664043,2,grass,6,bio,-1.3844315850457003
6,1,Davis (2010),2010,"Urbana, IL",40.110588,-88.207268,splitsplitplot,4,0.912,2.4,silt loam,7.2,vetch,legume,N,summer,after,summer annual,Sep,9,NA,112,drilled,May,5,12,herbicide,H,soybean,Jun,6,2,6200,NA,NA,NA,NA,NA,2423,NA,1609,NA,2790,NA,3372,NA,Y,15,NA,NA,NA,2019-05-12,132,NA,2019-06-02,153,NA,21,-0.18946444430633483,2,non-grass,6.2,bio,0.4093935738241425
7,1,Davis (2010),2010,"Urbana, IL",40.110588,-88.207268,splitsplitplot,4,0.912,2.4,silt loam,7.2,rye,grass,N,summer,after,summer annual,Sep,9,NA,33,drilled,May,5,22,roller crimper,M,soybean,Jun,6,2,6000,NA,NA,NA,NA,NA,291,NA,1714,NA,2990,NA,2300,NA,Y,15,NA,NA,NA,2019-05-22,142,NA,2019-06-02,153,NA,11,0.26236426446749106,2,grass,6,bio,-1.7732618319862326
8,1,Davis (2010),2010,"Urbana, IL",40.110588,-88.207268,splitsplitplot,4,0.912,2.4,silt loam,7.2,vetch,legume,N,summer,after,summer annual,Sep,9,NA,112,drilled,May,5,22,roller crimper,M,soybean,Jun,6,2,6200,NA,NA,NA,NA,NA,2388,NA,1714,NA,2838,NA,2300,NA,Y,15,NA,NA,NA,2019-05-22,142,NA,2019-06-02,153,NA,11,0.21019045580274687,2,non-grass,6.2,bio,0.3316263753547676
9,1,Davis (2010),2010,"Urbana, IL",40.110588,-88.207268,splitsplitplot,4,0.912,2.4,silt loam,7.2,rye,grass,N,summer,after,summer annual,Sep,9,NA,33,drilled,May,5,11,herbicide,H,soybean,May,5,29,6000,NA,NA,NA,NA,NA,2860,NA,2113,NA,2304,NA,2011,NA,Y,15,NA,NA,NA,2019-05-11,131,NA,2019-05-29,149,NA,18,0.13601463204312986,2,grass,6,bio,0.30271288619784165
10,1,Davis (2010),2010,"Urbana, IL",40.110588,-88.207268,splitsplitplot,4,0.912,2.4,silt loam,7.2,vetch,legume,N,summer,after,summer annual,Sep,9,NA,112,drilled,May,5,11,herbicide,H,soybean,May,5,29,6300,NA,NA,NA,NA,NA,2857,NA,2113,NA,1962,NA,2011,NA,Y,15,NA,NA,NA,2019-05-11,131,NA,2019-05-29,149,NA,18,-0.024667749647343685,2,non-grass,6.3,bio,0.30166338461471637
11,1,Davis (2010),2010,"Urbana, IL",40.110588,-88.207268,splitsplitplot,4,0.912,2.4,silt loam,7.2,rye,grass,N,summer,after,summer annual,Sep,9,NA,33,drilled,May,5,22,roller crimper,M,soybean,May,5,29,6000,NA,NA,NA,NA,NA,761,NA,4250,NA,1660,NA,1266,NA,Y,15,NA,NA,NA,2019-05-22,142,NA,2019-05-29,149,NA,7,0.27095527864646746,2,grass,6,bio,-1.7200409040567766
12,1,Davis (2010),2010,"Urbana, IL",40.110588,-88.207268,splitsplitplot,4,0.912,2.4,silt loam,7.2,vetch,legume,N,summer,after,summer annual,Sep,9,NA,112,drilled,May,5,22,roller crimper,M,soybean,May,5,29,6300,NA,NA,NA,NA,NA,1998,NA,4250,NA,1767,NA,1266,NA,Y,15,NA,NA,NA,2019-05-22,142,NA,2019-05-29,149,NA,7,0.33342086961557493,2,non-grass,6.3,bio,-0.7547723027099636
13,2,Bernstein et al. (2011),2011,"Arlington, WI",43.3375,-89.37376,RCBD,4,0.8539,4.15,silt loam,6.35,cereal rye,grass,Y,summer,after,NA,Oct,10,NA,180,drilled,Jun,6,1,mowing,M,soybean,May,5,30,939,NA,NA,NA,NA,NA,5,NA,26,NA,2505,NA,3618,NA,Y,15,NA,NA,Y,2019-06-01,152,Y,2019-05-30,150,NA,-2,-0.36763265243627524,2,grass,0.939,bio,-1.6486586255873816
14,2,Bernstein et al. (2011),2011,"Arlington, WI",43.3375,-89.37376,RCBD,4,0.8539,4.15,silt loam,6.35,cereal rye,grass,Y,summer,after,NA,Oct,10,NA,180,drilled,Jun,6,1,roller crimper,M,soybean,May,5,30,604,NA,NA,NA,NA,NA,7,NA,26,NA,2885,NA,3618,NA,Y,15,NA,NA,Y,2019-06-01,152,Y,2019-05-30,150,NA,-2,-0.22639648701304052,2,grass,0.604,bio,-1.3121863889661687
15,2,Bernstein et al. (2011),2011,"Arlington, WI",43.3375,-89.37376,RCBD,4,0.8539,4.15,silt loam,6.35,cereal rye,grass,Y,summer,after,NA,Oct,10,NA,180,drilled,Jun,6,1,mowing,M,soybean,May,5,30,1212,NA,NA,NA,NA,NA,5,NA,26,NA,2944,NA,3618,NA,Y,15,NA,NA,Y,2019-06-01,152,Y,2019-05-30,150,NA,-2,-0.20615218610647362,2,grass,1.212,bio,-1.6486586255873816
16,2,Bernstein et al. (2011),2011,"Arlington, WI",43.3375,-89.37376,RCBD,4,0.8539,4.15,silt loam,6.35,cereal rye,grass,Y,summer,after,NA,Oct,10,NA,180,drilled,Jun,6,1,roller crimper,M,soybean,Jun,6,30,186,NA,NA,NA,NA,NA,6,NA,26,NA,2751,NA,3618,NA,Y,15,NA,NA,Y,2019-06-01,152,Y,2019-06-30,181,NA,29,-0.27395690503066583,2,grass,0.186,bio,-1.466337068793427
17,2,Bernstein et al. (2011),2011,"Arlington, WI",43.3375,-89.37376,RCBD,4,0.8539,4.15,silt loam,6.35,cereal rye,grass,Y,summer,after,NA,Oct,10,NA,180,drilled,Jun,6,1,mowing,M,soybean,Jun,6,30,345,NA,NA,NA,NA,NA,10,NA,26,NA,2599,NA,3618,NA,Y,15,NA,NA,Y,2019-06-01,152,Y,2019-06-30,181,NA,29,-0.3307946313137502,2,grass,0.345,bio,-0.9555114450274363
18,3,"De Bruin et al., 2005",2005,"Waseca, MN",44.0770411,-93.50838429,RCBD,4,0.8636,NA,silt loam,NA,cereal rye,grass,N,summer,after,summer annual,Oct,10,18,125,drilled,May,5,1,herbicide 2x,H,soybean,May,5,14,375,NA,2.5,NA,8.8,NA,45.3,NA,60.1,NA,2890,NA,2570,NA,NA,18,2018-10-18,291,NA,2019-05-01,121,NA,2019-05-14,134,195,13,0.11735060321721236,2,grass,0.375,bio,-0.2827028090521737
19,3,"De Bruin et al., 2005",2005,"Waseca, MN",44.0770411,-93.50838429,RCBD,4,0.8636,NA,silt loam,NA,cereal rye,grass,N,summer,after,summer annual,Oct,10,18,125,drilled,May,5,8,herbicide 2x,H,soybean,May,5,14,851,NA,2.3,NA,8.8,NA,26.8,NA,60.1,NA,2900,NA,2570,NA,NA,18,2018-10-18,291,NA,2019-05-08,128,NA,2019-05-14,134,202,6,0.1208048380852999,2,grass,0.851,bio,-0.8076079540243509
20,3,"De Bruin et al., 2005",2005,"Waseca, MN",44.0770411,-93.50838429,RCBD,4,0.8636,NA,silt loam,NA,cereal rye,grass,N,summer,after,summer annual,Oct,10,18,125,drilled,May,5,20,herbicide 2x,H,soybean,May,5,14,2185,NA,1.6,NA,8.8,NA,29.2,NA,60.1,NA,3310,NA,2570,NA,NA,18,2018-10-18,291,NA,2019-05-20,140,NA,2019-05-14,134,214,-6,0.2530422904818432,2,grass,2.185,bio,-0.7218411322669259
21,3,"De Bruin et al., 2005",2005,"Waseca, MN",44.0770411,-93.50838429,RCBD,4,0.8636,NA,silt loam,NA,cereal rye,grass,N,summer,after,summer annual,Oct,10,18,125,drilled,May,5,1,herbicide 1x,H,soybean,May,5,14,375,NA,56.6,NA,6.4,NA,344.8,NA,64.4,NA,300,NA,2840,NA,NA,18,2018-10-18,291,NA,2019-05-01,121,NA,2019-05-14,134,195,13,-2.247776856499051,2,grass,0.375,bio,1.6778509056792301
22,3,"De Bruin et al., 2005",2005,"Waseca, MN",44.0770411,-93.50838429,RCBD,4,0.8636,NA,silt loam,NA,cereal rye,grass,N,summer,after,summer annual,Oct,10,18,125,drilled,May,5,8,herbicide 1x,H,soybean,May,5,14,851,NA,37.4,NA,6.4,NA,221.3,NA,64.4,NA,780,NA,2840,NA,NA,18,2018-10-18,291,NA,2019-05-08,128,NA,2019-05-14,134,202,6,-1.2922654114716141,2,grass,0.851,bio,1.234405613946696
23,3,"De Bruin et al., 2005",2005,"Waseca, MN",44.0770411,-93.50838429,RCBD,4,0.8636,NA,silt loam,NA,cereal rye,grass,N,summer,after,summer annual,Oct,10,18,125,drilled,May,5,20,herbicide 1x,H,soybean,May,5,14,2185,NA,14.4,NA,6.4,NA,146.3,NA,64.4,NA,1060,NA,2840,NA,NA,18,2018-10-18,291,NA,2019-05-20,140,NA,2019-05-14,134,214,-6,-0.9855351440491389,2,grass,2.185,bio,0.8205456749157707
24,3,"De Bruin et al., 2005",2005,"Waseca, MN",44.0770411,-93.50838429,RCBD,4,0.8636,NA,silt loam,NA,cereal rye,grass,N,summer,after,summer annual,Oct,10,18,125,drilled,May,5,1,herbicide  1x + mowing,D,soybean,May,5,14,375,NA,12.1,NA,6.4,NA,47.8,NA,64.4,NA,2130,NA,2840,NA,NA,18,2018-10-18,291,NA,2019-05-01,121,NA,2019-05-14,134,195,13,-0.2876820724517809,2,grass,0.375,bio,-0.2980879936128978
25,3,"De Bruin et al., 2005",2005,"Waseca, MN",44.0770411,-93.50838429,RCBD,4,0.8636,NA,silt loam,NA,cereal rye,grass,N,summer,after,summer annual,Oct,10,18,125,drilled,May,5,8,herbicide  1x + mowing,D,soybean,May,5,14,851,NA,4.1,NA,6.4,NA,73.1,NA,64.4,NA,2690,NA,2840,NA,NA,18,2018-10-18,291,NA,2019-05-08,128,NA,2019-05-14,134,202,6,-0.054262858559366973,2,grass,0.851,bio,0.12671473364542474
26,3,"De Bruin et al., 2005",2005,"Waseca, MN",44.0770411,-93.50838429,RCBD,4,0.8636,NA,silt loam,NA,cereal rye,grass,N,summer,after,summer annual,Oct,10,18,125,drilled,May,5,20,herbicide  1x + mowing,D,soybean,May,5,14,2185,NA,3.6,NA,6.4,NA,20.9,NA,64.4,NA,2920,NA,2840,NA,NA,18,2018-10-18,291,NA,2019-05-20,140,NA,2019-05-14,134,214,-6,0.02777956410707567,2,grass,2.185,bio,-1.1253644741395428
27,3,"De Bruin et al., 2005",2005,"Waseca, MN",44.0770411,-93.50838429,RCBD,4,0.8636,NA,silt loam,NA,cereal rye,grass,N,summer,after,summer annual,Oct,10,18,125,drilled,May,5,28,herbicide 2x,H,soybean,May,5,30,3768,NA,2.1,NA,0.8,NA,7.5,NA,1.2,NA,3140,NA,1780,NA,NA,18,2018-10-18,291,NA,2019-05-28,148,NA,2019-05-30,150,222,2,0.5676094356161683,2,grass,3.768,bio,1.8325814637483102
28,4,"Fisk et al., 2001",2001,"East Landsing, MI",42.4056,-85.4008,RCBD,4,0.9202,NA,loam,6.7,santiago medic,legume,N,spring,before,winter annual,Aug,8,NA,13.4,drilled,NA,NA,NA,winter kill,W,corn,May,5,15,3100,NA,53,NA,91,NA,65.7,NA,234,NA,NA,NA,NA,NA,Y,15,NA,NA,NA,NA,NA,NA,2019-05-15,135,NA,NA,NA,2,non-grass,3.1,bio,-1.2702221898671366
29,4,"Fisk et al., 2001",2001,"East Landsing, MI",42.4056,-85.4008,RCBD,4,0.9202,NA,loam,6.7,mogul medic,legume,N,spring,before,winter annual,Aug,8,NA,15.7,drilled,NA,NA,NA,winter kill,W,corn,May,5,15,5300,NA,29,NA,91,NA,52.5,NA,234,NA,NA,NA,NA,NA,Y,15,NA,NA,NA,NA,NA,NA,2019-05-15,135,NA,NA,NA,2,non-grass,5.3,bio,-1.4945079457601234
30,4,"Fisk et al., 2001",2001,"East Landsing, MI",42.4056,-85.4008,RCBD,4,0.9202,NA,loam,6.7,red clover,legume,N,spring,before,winter annual,Aug,8,NA,16.8,drilled,NA,NA,NA,winter kill,W,corn,May,5,15,4100,NA,20.3,NA,91,NA,51.4,NA,234,NA,NA,NA,NA,NA,Y,15,NA,NA,NA,NA,NA,NA,2019-05-15,135,NA,NA,NA,2,non-grass,4.1,bio,-1.5156829428965821
31,4,"Fisk et al., 2001",2001,"East Landsing, MI",42.4056,-85.4008,RCBD,4,0.9202,NA,loam,6.7,berseem clover,legume,N,spring,before,winter annual,Aug,8,NA,16.8,drilled,NA,NA,NA,herbicide,H,corn,May,5,15,1900,NA,29,NA,91,NA,46.2,NA,234,NA,NA,NA,NA,NA,Y,15,NA,NA,NA,NA,NA,NA,2019-05-15,135,NA,NA,NA,2,non-grass,1.9,bio,-1.622341317270008
32,4,"Fisk et al., 2001",2001,"East Landsing, MI",42.4056,-85.4008,RCBD,4,0.9202,NA,loam,6.7,santiago medic,legume,N,spring,before,winter annual,Aug,8,NA,13.4,drilled,NA,NA,NA,winter kill,W,corn,May,5,15,2200,NA,19.5,NA,30.5,NA,19.9,NA,43,NA,NA,NA,NA,NA,Y,15,NA,NA,NA,NA,NA,NA,2019-05-15,135,NA,NA,NA,2,non-grass,2.2,bio,-0.7704803839631158
33,4,"Fisk et al., 2001",2001,"East Landsing, MI",42.4056,-85.4008,RCBD,4,0.9202,NA,loam,6.7,mogul medic,legume,N,spring,before,winter annual,Aug,8,NA,15.7,drilled,NA,NA,NA,winter kill,W,corn,May,5,15,1800,NA,39.5,NA,30.5,NA,35.1,NA,43,NA,NA,NA,NA,NA,Y,15,NA,NA,NA,NA,NA,NA,2019-05-15,135,NA,NA,NA,2,non-grass,1.8,bio,-0.20299898522174223
34,4,"Fisk et al., 2001",2001,"East Landsing, MI",42.4056,-85.4008,RCBD,4,0.9202,NA,loam,6.7,red clover,legume,N,spring,before,winter annual,Aug,8,NA,16.8,drilled,NA,NA,NA,winter kill,W,corn,May,5,15,1300,NA,17.3,NA,30.5,NA,12.5,NA,43,NA,NA,NA,NA,NA,Y,15,NA,NA,NA,NA,NA,NA,2019-05-15,135,NA,NA,NA,2,non-grass,1.3,bio,-1.235471471385307
36,4,"Fisk et al., 2001",2001,"Hickory Corners, MI",42.441427,-85.375561,RCBD,4,0.9297,NA,loam,6.7,santiago medic,legume,N,spring,before,winter annual,Aug,8,NA,13.4,drilled,NA,NA,NA,winter kill,W,corn,May,5,15,2000,NA,21,NA,26.8,NA,70.8,NA,124,NA,NA,NA,NA,NA,Y,15,NA,NA,NA,NA,NA,NA,2019-05-15,135,NA,NA,NA,2,non-grass,2,bio,-0.5604225649053629
37,4,"Fisk et al., 2001",2001,"Hickory Corners, MI",42.441427,-85.375561,RCBD,4,0.9297,NA,loam,6.7,mogul medic,legume,N,spring,before,winter annual,Aug,8,NA,15.7,drilled,NA,NA,NA,winter kill,W,corn,May,5,15,2300,NA,19.5,NA,26.8,NA,51.7,NA,124,NA,NA,NA,NA,NA,Y,15,NA,NA,NA,NA,NA,NA,2019-05-15,135,NA,NA,NA,2,non-grass,2.3,bio,-0.8748237840906534
38,4,"Fisk et al., 2001",2001,"Hickory Corners, MI",42.441427,-85.375561,RCBD,4,0.9297,NA,loam,6.7,red clover,legume,N,spring,before,winter annual,Aug,8,NA,16.8,drilled,NA,NA,NA,winter kill,W,corn,May,5,15,2200,NA,20.5,NA,26.8,NA,42.4,NA,124,NA,NA,NA,NA,NA,Y,15,NA,NA,NA,NA,NA,NA,2019-05-15,135,NA,NA,NA,2,non-grass,2.2,bio,-1.0731332033671248
39,4,"Fisk et al., 2001",2001,"Hickory Corners, MI",42.441427,-85.375561,RCBD,4,0.9297,NA,loam,6.7,berseem clover,legume,N,spring,before,winter annual,Aug,8,NA,16.8,drilled,NA,NA,NA,herbicide,H,corn,May,5,15,1400,NA,22.5,NA,26.8,NA,74.4,NA,124,NA,NA,NA,NA,NA,Y,15,NA,NA,NA,NA,NA,NA,2019-05-15,135,NA,NA,NA,2,non-grass,1.4,bio,-0.5108256237659905
40,4,"Fisk et al., 2001",2001,"Hickory Corners, MI",42.441427,-85.375561,RCBD,4,0.9297,NA,loam,6.7,santiago medic,legume,N,spring,before,winter annual,Aug,8,NA,13.4,drilled,NA,NA,NA,winter kill,W,corn,May,5,15,2800,NA,29.3,NA,81.8,NA,9.4,NA,76.3,NA,NA,NA,NA,NA,Y,15,NA,NA,NA,NA,NA,NA,2019-05-15,135,NA,NA,NA,2,non-grass,2.8,bio,-2.093963249014453
41,4,"Fisk et al., 2001",2001,"Hickory Corners, MI",42.441427,-85.375561,RCBD,4,0.9297,NA,loam,6.7,mogul medic,legume,N,spring,before,winter annual,Aug,8,NA,15.7,drilled,NA,NA,NA,winter kill,W,corn,May,5,15,2400,NA,57.5,NA,81.8,NA,41.1,NA,76.3,NA,NA,NA,NA,NA,Y,15,NA,NA,NA,NA,NA,NA,2019-05-15,135,NA,NA,NA,2,non-grass,2.4,bio,-0.6186648167882224
42,4,"Fisk et al., 2001",2001,"Hickory Corners, MI",42.441427,-85.375561,RCBD,4,0.9297,NA,loam,6.7,red clover,legume,N,spring,before,winter annual,Aug,8,NA,16.8,drilled,NA,NA,NA,winter kill,W,corn,May,5,15,1600,NA,27.8,NA,81.8,NA,26.3,NA,76.3,NA,NA,NA,NA,NA,Y,15,NA,NA,NA,NA,NA,NA,2019-05-15,135,NA,NA,NA,2,non-grass,1.6,bio,-1.0651039991066924
43,4,"Fisk et al., 2001",2001,"Hickory Corners, MI",42.441427,-85.375561,RCBD,4,0.9297,NA,loam,6.7,berseem clover,legume,N,spring,before,winter annual,Aug,8,NA,16.8,drilled,NA,NA,NA,herbicide,H,corn,May,5,15,1700,NA,77.3,NA,81.8,NA,56.6,NA,76.3,NA,NA,NA,NA,NA,Y,15,NA,NA,NA,NA,NA,NA,2019-05-15,135,NA,NA,NA,2,non-grass,1.7,bio,-0.29866395308127397
44,4,"Fisk et al., 2001",2001,"East Landsing, MI",42.4056,-85.4008,RCBD,4,0.9202,NA,loam,6.7,santiago medic,legume,N,summer,after,summer annual,Aug,8,NA,13.4,drilled,NA,NA,NA,winter kill,W,corn,May,5,15,3100,NA,4,NA,42.1,NA,2.2,NA,8.6,NA,NA,NA,NA,NA,Y,15,NA,NA,NA,NA,NA,NA,2019-05-15,135,NA,NA,NA,2,non-grass,3.1,bio,-1.363304842895192
45,4,"Fisk et al., 2001",2001,"East Landsing, MI",42.4056,-85.4008,RCBD,4,0.9202,NA,loam,6.7,mogul medic,legume,N,summer,after,summer annual,Aug,8,NA,15.7,drilled,NA,NA,NA,winter kill,W,corn,May,5,15,5300,NA,4.8,NA,42.1,NA,2.4,NA,8.6,NA,NA,NA,NA,NA,Y,15,NA,NA,NA,NA,NA,NA,2019-05-15,135,NA,NA,NA,2,non-grass,5.3,bio,-1.276293465905562
46,4,"Fisk et al., 2001",2001,"East Landsing, MI",42.4056,-85.4008,RCBD,4,0.9202,NA,loam,6.7,red clover,legume,N,summer,after,summer annual,Aug,8,NA,16.8,drilled,NA,NA,NA,winter kill,W,corn,May,5,15,4100,NA,46.5,NA,42.1,NA,2.3,NA,8.6,NA,NA,NA,NA,NA,Y,15,NA,NA,NA,NA,NA,NA,2019-05-15,135,NA,NA,NA,2,non-grass,4.1,bio,-1.318853080324358
47,4,"Fisk et al., 2001",2001,"East Landsing, MI",42.4056,-85.4008,RCBD,4,0.9202,NA,loam,6.7,berseem clover,legume,N,summer,after,summer annual,Aug,8,NA,16.8,drilled,NA,NA,NA,herbicide,H,corn,May,5,15,1900,NA,7.8,NA,42.1,NA,2.9,NA,8.6,NA,NA,NA,NA,NA,Y,15,NA,NA,NA,NA,NA,NA,2019-05-15,135,NA,NA,NA,2,non-grass,1.9,bio,-1.0870514662670336
48,4,"Fisk et al., 2001",2001,"East Landsing, MI",42.4056,-85.4008,RCBD,4,0.9202,NA,loam,6.7,santiago medic,legume,N,summer,after,summer annual,Aug,8,NA,13.4,drilled,NA,NA,NA,winter kill,W,corn,May,5,15,2200,NA,29.8,NA,37.8,NA,2.2,NA,7.9,NA,NA,NA,NA,NA,Y,15,NA,NA,NA,NA,NA,NA,2019-05-15,135,NA,NA,NA,2,non-grass,2.2,bio,-1.2784053991087057
49,4,"Fisk et al., 2001",2001,"East Landsing, MI",42.4056,-85.4008,RCBD,4,0.9202,NA,loam,6.7,mogul medic,legume,N,summer,after,summer annual,Aug,8,NA,15.7,drilled,NA,NA,NA,winter kill,W,corn,May,5,15,1800,NA,36.3,NA,37.8,NA,2.4,NA,7.9,NA,NA,NA,NA,NA,Y,15,NA,NA,NA,NA,NA,NA,2019-05-15,135,NA,NA,NA,2,non-grass,1.8,bio,-1.191394022119076
50,4,"Fisk et al., 2001",2001,"East Landsing, MI",42.4056,-85.4008,RCBD,4,0.9202,NA,loam,6.7,red clover,legume,N,summer,after,summer annual,Aug,8,NA,16.8,drilled,NA,NA,NA,winter kill,W,corn,May,5,15,1300,NA,10.5,NA,37.8,NA,2.3,NA,7.9,NA,NA,NA,NA,NA,Y,15,NA,NA,NA,NA,NA,NA,2019-05-15,135,NA,NA,NA,2,non-grass,1.3,bio,-1.233953636537872
51,4,"Fisk et al., 2001",2001,"East Landsing, MI",42.4056,-85.4008,RCBD,4,0.9202,NA,loam,6.7,berseem clover,legume,N,summer,after,summer annual,Aug,8,NA,16.8,drilled,NA,NA,NA,herbicide,H,corn,May,5,15,NA,NA,NA,NA,37.8,NA,2.9,NA,7.9,NA,NA,NA,NA,NA,Y,15,NA,NA,NA,NA,NA,NA,2019-05-15,135,NA,NA,NA,2,non-grass,NA,bio,-1.0021520224805476
52,4,"Fisk et al., 2001",2001,"Hickory Corners, MI",42.441427,-85.375561,RCBD,4,0.9297,NA,loam,6.7,santiago medic,legume,N,summer,after,summer annual,Aug,8,NA,13.4,drilled,NA,NA,NA,winter kill,W,corn,May,5,15,2000,NA,22.5,NA,18.8,NA,4.7,NA,8.6,NA,NA,NA,NA,NA,Y,15,NA,NA,NA,NA,NA,NA,2019-05-15,135,NA,NA,NA,2,non-grass,2,bio,-0.604199694543449
53,4,"Fisk et al., 2001",2001,"Hickory Corners, MI",42.441427,-85.375561,RCBD,4,0.9297,NA,loam,6.7,mogul medic,legume,N,summer,after,summer annual,Aug,8,NA,15.7,drilled,NA,NA,NA,winter kill,W,corn,May,5,15,2300,NA,14,NA,18.8,NA,12.2,NA,8.6,NA,NA,NA,NA,NA,Y,15,NA,NA,NA,NA,NA,NA,2019-05-15,135,NA,NA,NA,2,non-grass,2.3,bio,0.34967374847974886
54,4,"Fisk et al., 2001",2001,"Hickory Corners, MI",42.441427,-85.375561,RCBD,4,0.9297,NA,loam,6.7,red clover,legume,N,summer,after,summer annual,Aug,8,NA,16.8,drilled,NA,NA,NA,winter kill,W,corn,May,5,15,2200,NA,17.3,NA,18.8,NA,4.5,NA,8.6,NA,NA,NA,NA,NA,Y,15,NA,NA,NA,NA,NA,NA,2019-05-15,135,NA,NA,NA,2,non-grass,2.2,bio,-0.6476848064831879
56,4,"Fisk et al., 2001",2001,"Hickory Corners, MI",42.441427,-85.375561,RCBD,4,0.9297,NA,loam,6.7,santiago medic,legume,N,summer,after,summer annual,Aug,8,NA,13.4,drilled,NA,NA,NA,winter kill,W,corn,May,5,15,2800,NA,5.8,NA,12.3,NA,4.7,NA,7.9,NA,NA,NA,NA,NA,Y,15,NA,NA,NA,NA,NA,NA,2019-05-15,135,NA,NA,NA,2,non-grass,2.8,bio,-0.519300250756963
57,4,"Fisk et al., 2001",2001,"Hickory Corners, MI",42.441427,-85.375561,RCBD,4,0.9297,NA,loam,6.7,mogul medic,legume,N,summer,after,summer annual,Aug,8,NA,15.7,drilled,NA,NA,NA,winter kill,W,corn,May,5,15,2400,NA,15.5,NA,12.3,NA,12.2,NA,7.9,NA,NA,NA,NA,NA,Y,15,NA,NA,NA,NA,NA,NA,2019-05-15,135,NA,NA,NA,2,non-grass,2.4,bio,0.4345731922662349
58,4,"Fisk et al., 2001",2001,"Hickory Corners, MI",42.441427,-85.375561,RCBD,4,0.9297,NA,loam,6.7,red clover,legume,N,summer,after,summer annual,Aug,8,NA,16.8,drilled,NA,NA,NA,winter kill,W,corn,May,5,15,1600,NA,13,NA,12.3,NA,4.5,NA,7.9,NA,NA,NA,NA,NA,Y,15,NA,NA,NA,NA,NA,NA,2019-05-15,135,NA,NA,NA,2,non-grass,1.6,bio,-0.5627853626967019
60,4,"Fisk et al., 2001",2001,"East Landsing, MI",42.4056,-85.4008,RCBD,4,0.9202,NA,loam,6.7,santiago medic,legume,N,summer,after,perennial,Aug,8,NA,13.4,drilled,NA,NA,NA,winter kill,W,corn,May,5,15,3100,NA,5.5,NA,10.3,NA,0.8,NA,1.1,NA,NA,NA,NA,NA,Y,15,NA,NA,NA,NA,NA,NA,2019-05-15,135,NA,NA,NA,2,non-grass,3.1,bio,-0.3184537311185346
61,4,"Fisk et al., 2001",2001,"East Landsing, MI",42.4056,-85.4008,RCBD,4,0.9202,NA,loam,6.7,mogul medic,legume,N,summer,after,perennial,Aug,8,NA,15.7,drilled,NA,NA,NA,winter kill,W,corn,May,5,15,5300,NA,5.3,NA,10.3,NA,0.8,NA,0.4,NA,NA,NA,NA,NA,Y,15,NA,NA,NA,NA,NA,NA,2019-05-15,135,NA,NA,NA,2,non-grass,5.3,bio,0.6931471805599453
62,4,"Fisk et al., 2001",2001,"East Landsing, MI",42.4056,-85.4008,RCBD,4,0.9202,NA,loam,6.7,red clover,legume,N,summer,after,perennial,Aug,8,NA,16.8,drilled,NA,NA,NA,winter kill,W,corn,May,5,15,4100,NA,9.5,NA,10.3,NA,0.8,NA,1.9,NA,NA,NA,NA,NA,Y,15,NA,NA,NA,NA,NA,NA,2019-05-15,135,NA,NA,NA,2,non-grass,4.1,bio,-0.8649974374866044
63,4,"Fisk et al., 2001",2001,"East Landsing, MI",42.4056,-85.4008,RCBD,4,0.9202,NA,loam,6.7,berseem clover,legume,N,summer,after,perennial,Aug,8,NA,16.8,drilled,NA,NA,NA,herbicide,H,corn,May,5,15,1900,NA,13,NA,10.3,NA,0.8,NA,1.2,NA,NA,NA,NA,NA,Y,15,NA,NA,NA,NA,NA,NA,2019-05-15,135,NA,NA,NA,2,non-grass,1.9,bio,-0.4054651081081643
64,4,"Fisk et al., 2001",2001,"East Landsing, MI",42.4056,-85.4008,RCBD,4,0.9202,NA,loam,6.7,santiago medic,legume,N,summer,after,perennial,Aug,8,NA,13.4,drilled,NA,NA,NA,winter kill,W,corn,May,5,15,2200,NA,5.8,NA,11.5,NA,4.1,NA,0.7,NA,NA,NA,NA,NA,Y,15,NA,NA,NA,NA,NA,NA,2019-05-15,135,NA,NA,NA,2,non-grass,2.2,bio,1.7676619176489945
65,4,"Fisk et al., 2001",2001,"East Landsing, MI",42.4056,-85.4008,RCBD,4,0.9202,NA,loam,6.7,mogul medic,legume,N,summer,after,perennial,Aug,8,NA,15.7,drilled,NA,NA,NA,winter kill,W,corn,May,5,15,1800,NA,9.3,NA,11.5,NA,4.1,NA,2.1,NA,NA,NA,NA,NA,Y,15,NA,NA,NA,NA,NA,NA,2019-05-15,135,NA,NA,NA,2,non-grass,1.8,bio,0.6690496289808847
66,4,"Fisk et al., 2001",2001,"East Landsing, MI",42.4056,-85.4008,RCBD,4,0.9202,NA,loam,6.7,red clover,legume,N,summer,after,perennial,Aug,8,NA,16.8,drilled,NA,NA,NA,winter kill,W,corn,May,5,15,1300,NA,7.8,NA,11.5,NA,4.1,NA,1.1,NA,NA,NA,NA,NA,Y,15,NA,NA,NA,NA,NA,NA,2019-05-15,135,NA,NA,NA,2,non-grass,1.3,bio,1.315676793905937
68,4,"Fisk et al., 2001",2001,"Hickory Corners, MI",42.441427,-85.375561,RCBD,4,0.9297,NA,loam,6.7,santiago medic,legume,N,summer,after,perennial,Aug,8,NA,13.4,drilled,NA,NA,NA,winter kill,W,corn,May,5,15,2000,NA,22.5,NA,18.8,NA,2.6,NA,2.9,NA,NA,NA,NA,NA,Y,15,NA,NA,NA,NA,NA,NA,2019-05-15,135,NA,NA,NA,2,non-grass,2,bio,-0.10919929196499197
69,4,"Fisk et al., 2001",2001,"Hickory Corners, MI",42.441427,-85.375561,RCBD,4,0.9297,NA,loam,6.7,mogul medic,legume,N,summer,after,perennial,Aug,8,NA,15.7,drilled,NA,NA,NA,winter kill,W,corn,May,5,15,2300,NA,14,NA,18.8,NA,2.6,NA,2.7,NA,NA,NA,NA,NA,Y,15,NA,NA,NA,NA,NA,NA,2019-05-15,135,NA,NA,NA,2,non-grass,2.3,bio,-0.037740327982847086
70,4,"Fisk et al., 2001",2001,"Hickory Corners, MI",42.441427,-85.375561,RCBD,4,0.9297,NA,loam,6.7,red clover,legume,N,summer,after,perennial,Aug,8,NA,16.8,drilled,NA,NA,NA,winter kill,W,corn,May,5,15,2200,NA,17.3,NA,18.8,NA,2.6,NA,2.3,NA,NA,NA,NA,NA,Y,15,NA,NA,NA,NA,NA,NA,2019-05-15,135,NA,NA,NA,2,non-grass,2.2,bio,0.12260232209233247
71,4,"Fisk et al., 2001",2001,"Hickory Corners, MI",42.441427,-85.375561,RCBD,4,0.9297,NA,loam,6.7,berseem clover,legume,N,summer,after,perennial,Aug,8,NA,16.8,drilled,NA,NA,NA,herbicide,H,corn,May,5,15,1400,NA,24.5,NA,18.8,NA,2.6,NA,3.7,NA,NA,NA,NA,NA,Y,15,NA,NA,NA,NA,NA,NA,2019-05-15,135,NA,NA,NA,2,non-grass,1.4,bio,-0.3528213746227423
72,4,"Fisk et al., 2001",2001,"Hickory Corners, MI",42.441427,-85.375561,RCBD,4,0.9297,NA,loam,6.7,santiago medic,legume,N,summer,after,perennial,Aug,8,NA,13.4,drilled,NA,NA,NA,winter kill,W,corn,May,5,15,2800,NA,10.5,NA,16.5,NA,0.8,NA,1.1,NA,NA,NA,NA,NA,Y,15,NA,NA,NA,NA,NA,NA,2019-05-15,135,NA,NA,NA,2,non-grass,2.8,bio,-0.3184537311185346
73,4,"Fisk et al., 2001",2001,"Hickory Corners, MI",42.441427,-85.375561,RCBD,4,0.9297,NA,loam,6.7,mogul medic,legume,N,summer,after,perennial,Aug,8,NA,15.7,drilled,NA,NA,NA,winter kill,W,corn,May,5,15,2400,NA,19.8,NA,16.5,NA,0.8,NA,4,NA,NA,NA,NA,NA,Y,15,NA,NA,NA,NA,NA,NA,2019-05-15,135,NA,NA,NA,2,non-grass,2.4,bio,-1.6094379124341003
74,4,"Fisk et al., 2001",2001,"Hickory Corners, MI",42.441427,-85.375561,RCBD,4,0.9297,NA,loam,6.7,red clover,legume,N,summer,after,perennial,Aug,8,NA,16.8,drilled,NA,NA,NA,winter kill,W,corn,May,5,15,1600,NA,32.5,NA,16.5,NA,0.8,NA,4.2,NA,NA,NA,NA,NA,Y,15,NA,NA,NA,NA,NA,NA,2019-05-15,135,NA,NA,NA,2,non-grass,1.6,bio,-1.6582280766035324
75,4,"Fisk et al., 2001",2001,"Hickory Corners, MI",42.441427,-85.375561,RCBD,4,0.9297,NA,loam,6.7,berseem clover,legume,N,summer,after,perennial,Aug,8,NA,16.8,drilled,NA,NA,NA,herbicide,H,corn,May,5,15,1700,NA,11.8,NA,16.5,NA,0.8,NA,1,NA,NA,NA,NA,NA,Y,15,NA,NA,NA,NA,NA,NA,2019-05-15,135,NA,NA,NA,2,non-grass,1.7,bio,-0.2231435513142097
76,5,Forcella 2013,2013,"Stevens County, MN",45.68333333,-95.8,RCBDsplitplot,4,0.6512,NA,loam,7.3,rye,grass,Y,spring,before,summer annual,Sep,9,2,73,drilled,Jun,6,11,roller crimper,M,soybean,Jun,6,11,6000,1040,1,0.3,30,7.5,1,1,453,131.3,2080,110,2640,190,NA,2,2018-09-02,245,NA,2019-06-11,162,NA,2019-06-11,162,282,0,-0.23841102344499823,2,grass,6,bio,-3.420065865966538
77,5,Forcella 2013,2013,"Stevens County, MN",45.68333333,-95.8,RCBDsplitplot,4,0.6512,NA,loam,7.3,rye,grass,Y,spring,before,summer annual,Sep,9,20,73,drilled,Jun,6,14,roller crimper,M,soybean,Jun,6,14,6000,890,51,46.4,19,8.2,35,8.7,35,8.7,1960,120,1960,120,NA,20,2018-09-20,263,NA,2019-06-14,165,NA,2019-06-14,165,267,0,0,2,grass,6,bio,0
82,7,"Gallagher et al., 2003",2003,"Wooster, OH",40.8051,-81.9351,RCBD,4,0.9375,2.9,silt loam,7,wheat,grass,N,summer,after,summer annual,Sep,9,NA,100,drilled,NA,NA,NA,herbicide,H,soybean,May,5,11,3400,NA,NA,NA,NA,NA,500,NA,560,NA,2300,NA,1800,NA,Y,15,NA,NA,NA,NA,NA,NA,2019-05-11,131,NA,NA,0.2451224580329849,2,grass,3.4,bio,-0.11332868530700312
83,7,"Gallagher et al., 2003",2003,"Wooster, OH",40.8051,-81.9351,RCBD,4,0.9375,2.9,silt loam,7,wheat,grass,N,summer,after,summer annual,Sep,9,NA,100,drilled,NA,NA,NA,herbicide,H,soybean,May,5,5,3500,NA,NA,NA,NA,NA,2700,NA,2900,NA,3200,NA,2600,NA,Y,15,NA,NA,NA,NA,NA,NA,2019-05-05,125,NA,NA,0.20763936477824455,2,grass,3.5,bio,-0.07145896398214498
84,7,"Gallagher et al., 2003",2003,"Wooster, OH",40.8051,-81.9351,RCBD,4,0.9375,2.9,silt loam,7,vetch,legume,N,summer,after,summer annual,Aug,8,NA,22,drilled,NA,NA,NA,herbicide,H,corn,Apr,4,20,4500,NA,NA,NA,NA,NA,310,NA,260,NA,11900,NA,13500,NA,Y,15,NA,NA,NA,NA,NA,NA,2019-04-20,110,NA,NA,-0.1261512853269,2,non-grass,4.5,bio,0.1758906664636642
85,7,"Gallagher et al., 2003",2003,"Wooster, OH",40.8051,-81.9351,RCBD,4,0.9375,2.9,silt loam,7,vetch,legume,N,summer,after,summer annual,Aug,8,NA,22,drilled,NA,NA,NA,herbicide,H,corn,Apr,4,25,4100,NA,NA,NA,NA,NA,130,NA,40,NA,9000,NA,8500,NA,Y,15,NA,NA,NA,NA,NA,NA,2019-04-25,115,NA,NA,0.05715841383994862,2,non-grass,4.1,bio,1.1786549963416462
90,9,Hoffman et al. 1993,1993,"Columbus, OH",39.9612,-82.9988,splitplot,4,0.8849,NA,silt loam,NA,hairy vetch,legume,Y,summer,after,summer annual,Aug,8,28,45,drilled,Apr,4,27,roller crimper,M,corn,Apr,4,27,8130,NA,8,NA,41,NA,17,NA,217,NA,40,NA,9770,NA,NA,28,2018-08-28,240,NA,2019-04-27,117,NA,2019-04-27,117,242,0,-5.498192290922892,2,non-grass,8.13,bio,-2.5466840094842436
91,9,Hoffman et al. 1993,1993,"Columbus, OH",39.9612,-82.9988,splitplot,4,0.8849,NA,silt loam,NA,hairy vetch,legume,Y,summer,after,summer annual,Aug,8,28,45,drilled,Apr,4,27,mowing,M,corn,Apr,4,27,5430,NA,25,NA,41,NA,147,NA,217,NA,3000,NA,9770,NA,NA,28,2018-08-28,240,NA,2019-04-27,117,NA,2019-04-27,117,242,0,-1.1807041773865816,2,non-grass,5.43,bio,-0.3894647667617233
92,9,Hoffman et al. 1993,1993,"Columbus, OH",39.9612,-82.9988,splitplot,4,0.8849,NA,silt loam,NA,hairy vetch,legume,Y,summer,after,summer annual,Aug,8,28,45,drilled,May,5,24,herbicide,M,corn,May,5,24,3410,NA,50,NA,41,NA,150,NA,217,NA,8020,NA,9770,NA,NA,28,2018-08-28,240,NA,2019-05-24,144,NA,2019-05-24,144,269,0,-0.1973780441762683,2,non-grass,3.41,bio,-0.3692620594442038
93,9,Hoffman et al. 1993,1993,"Columbus, OH",39.9612,-82.9988,splitplot,4,0.8849,NA,silt loam,NA,hairy vetch,legume,Y,summer,after,summer annual,Aug,8,28,45,drilled,May,5,24,roller crimper,M,corn,May,5,24,4830,NA,16,NA,34,NA,43,NA,103,NA,7630,NA,8560,NA,NA,28,2018-08-28,240,NA,2019-05-24,144,NA,2019-05-24,144,269,0,-0.11501234485728512,2,non-grass,4.83,bio,-0.8735288725360734
94,9,Hoffman et al. 1993,1993,"Columbus, OH",39.9612,-82.9988,splitplot,4,0.8849,NA,silt loam,NA,hairy vetch,legume,Y,summer,after,summer annual,Aug,8,28,45,drilled,May,5,24,mowing,M,corn,May,5,24,3510,NA,23,NA,34,NA,128,NA,103,NA,6830,NA,8560,NA,NA,28,2018-08-28,240,NA,2019-05-24,144,NA,2019-05-24,144,269,0,-0.22577551657095207,2,non-grass,3.51,bio,0.2173012756899813
95,9,Hoffman et al. 1993,1993,"Columbus, OH",39.9612,-82.9988,splitplot,4,0.8849,NA,silt loam,NA,hairy vetch,legume,Y,summer,after,summer annual,Aug,8,28,45,drilled,Jun,6,18,herbicide,H,corn,Jun,6,18,3180,NA,19,NA,34,NA,39,NA,103,NA,7700,NA,8560,NA,NA,28,2018-08-28,240,NA,2019-06-18,169,NA,2019-06-18,169,294,0,-0.10587986129401256,2,non-grass,3.18,bio,-0.9711673420999893
96,9,Hoffman et al. 1993,1993,"Columbus, OH",39.9612,-82.9988,splitplot,4,0.8849,NA,silt loam,NA,hairy vetch,legume,Y,summer,after,summer annual,Aug,8,28,45,drilled,Jun,6,18,roller crimper,M,corn,Jun,6,18,4960,NA,5,NA,20,NA,28,NA,30,NA,7510,NA,5310,NA,NA,28,2018-08-28,240,NA,2019-06-18,169,NA,2019-06-18,169,294,0,0.346643630522196,2,non-grass,4.96,bio,-0.06899287148695143
97,9,Hoffman et al. 1993,1993,"Columbus, OH",39.9612,-82.9988,splitplot,4,0.8849,NA,silt loam,NA,hairy vetch,legume,Y,summer,after,summer annual,Aug,8,28,45,drilled,Jun,6,18,mowing,M,corn,Jun,6,18,6470,NA,7,NA,20,NA,6,NA,30,NA,5900,NA,5310,NA,NA,28,2018-08-28,240,NA,2019-06-18,169,NA,2019-06-18,169,294,0,0.10536051565782635,2,non-grass,6.47,bio,-1.6094379124341003
98,9,Hoffman et al. 1993,1993,"Columbus, OH",39.9612,-82.9988,splitplot,4,0.8849,NA,silt loam,NA,hairy vetch,legume,Y,summer,after,summer annual,Aug,8,28,45,drilled,Apr,4,30,herbicide,H,corn,Apr,4,30,4680,NA,6,NA,20,NA,21,NA,30,NA,5630,NA,5310,NA,NA,28,2018-08-28,240,NA,2019-04-30,120,NA,2019-04-30,120,245,0,0.05851760689775151,2,non-grass,4.68,bio,-0.35667494393873245
99,9,Hoffman et al. 1993,1993,"Columbus, OH",39.9612,-82.9988,splitplot,4,0.8849,NA,silt loam,NA,hairy vetch,legume,Y,summer,after,summer annual,Aug,8,28,45,drilled,Apr,4,30,roller crimper,M,corn,Apr,4,30,4320,NA,17,NA,49,NA,80,NA,647,NA,920,NA,2840,NA,NA,28,2018-08-28,240,NA,2019-04-30,120,NA,2019-04-30,120,245,0,-1.1271856611121658,2,non-grass,4.32,bio,-2.090319659827019
100,9,Hoffman et al. 1993,1993,"Columbus, OH",39.9612,-82.9988,splitplot,4,0.8849,NA,silt loam,NA,hairy vetch,legume,Y,summer,after,summer annual,Aug,8,28,45,drilled,Apr,4,30,mowing,M,corn,Apr,4,30,3750,NA,17,NA,49,NA,231,NA,647,NA,500,NA,2840,NA,NA,28,2018-08-28,240,NA,2019-04-30,120,NA,2019-04-30,120,245,0,-1.73695123273306,2,non-grass,3.75,bio,-1.029928583979107
101,9,Hoffman et al. 1993,1993,"Columbus, OH",39.9612,-82.9988,splitplot,4,0.8849,NA,silt loam,NA,hairy vetch,legume,Y,summer,after,summer annual,Aug,8,28,45,drilled,Apr,4,30,mowing,M,corn,Apr,4,30,2940,NA,33,NA,49,NA,377,NA,647,NA,580,NA,2840,NA,NA,28,2018-08-28,240,NA,2019-04-30,120,NA,2019-04-30,120,245,0,-1.5885312276147867,2,non-grass,2.94,bio,-0.5401011070528898
102,9,Hoffman et al. 1993,1993,"Columbus, OH",39.9612,-82.9988,splitplot,4,0.8849,NA,silt loam,NA,hairy vetch,legume,Y,summer,after,summer annual,Aug,8,28,45,drilled,May,5,16,herbicide,H,corn,May,5,16,1960,NA,46,NA,49,NA,663,NA,647,NA,720,NA,2840,NA,NA,28,2018-08-28,240,NA,2019-05-16,136,NA,2019-05-16,136,261,0,-1.3723081191451507,2,non-grass,1.96,bio,0.024428695684961865
103,9,Hoffman et al. 1993,1993,"Columbus, OH",39.9612,-82.9988,splitplot,4,0.8849,NA,silt loam,NA,hairy vetch,legume,Y,summer,after,summer annual,Aug,8,28,45,drilled,May,5,16,roller crimper,M,corn,May,5,16,3180,NA,27,NA,34,NA,90,NA,152,NA,3200,NA,4130,NA,NA,28,2018-08-28,240,NA,2019-05-16,136,NA,2019-05-16,136,261,0,-0.25512659716726055,2,non-grass,3.18,bio,-0.5240708505160114
104,9,Hoffman et al. 1993,1993,"Columbus, OH",39.9612,-82.9988,splitplot,4,0.8849,NA,silt loam,NA,hairy vetch,legume,Y,summer,after,summer annual,Aug,8,28,45,drilled,May,5,16,mowing,M,corn,May,5,16,3360,NA,25,NA,34,NA,165,NA,152,NA,3660,NA,4130,NA,NA,28,2018-08-28,240,NA,2019-05-16,136,NA,2019-05-16,136,261,0,-0.12081425955966647,2,non-grass,3.36,bio,0.08206495305430421
105,9,Hoffman et al. 1993,1993,"Columbus, OH",39.9612,-82.9988,splitplot,4,0.8849,NA,silt loam,NA,hairy vetch,legume,Y,summer,after,summer annual,Aug,8,28,45,drilled,May,5,16,mowing,M,corn,May,5,16,2250,NA,18,NA,34,NA,79,NA,152,NA,3090,NA,4130,NA,NA,28,2018-08-28,240,NA,2019-05-16,136,NA,2019-05-16,136,261,0,-0.29010631606328724,2,non-grass,2.25,bio,-0.6544326683792548
106,9,Hoffman et al. 1993,1993,"Columbus, OH",39.9612,-82.9988,splitplot,4,0.8849,NA,silt loam,NA,hairy vetch,legume,Y,summer,after,summer annual,Aug,8,28,45,drilled,Jun,6,5,herbicide,H,corn,May,5,5,3620,NA,19,NA,34,NA,137,NA,152,NA,3910,NA,4130,NA,NA,28,2018-08-28,240,NA,2019-06-05,156,NA,2019-05-05,125,281,-31,-0.054740032975666986,2,non-grass,3.62,bio,-0.1038995950181515
107,9,Hoffman et al. 1993,1993,"Columbus, OH",39.9612,-82.9988,splitplot,4,0.8849,NA,silt loam,NA,hairy vetch,legume,Y,summer,after,summer annual,Aug,8,28,45,drilled,Jun,6,5,roller crimper,M,corn,May,5,5,3640,NA,6,NA,2,NA,39,NA,12,NA,2410,NA,3300,NA,NA,28,2018-08-28,240,NA,2019-06-05,156,NA,2019-05-05,125,281,-31,-0.31429572096987085,2,non-grass,3.64,bio,1.1786549963416462
108,9,Hoffman et al. 1993,1993,"Columbus, OH",39.9612,-82.9988,splitplot,4,0.8849,NA,silt loam,NA,hairy vetch,legume,Y,summer,after,summer annual,Aug,8,28,45,drilled,Jun,6,5,mowing,M,corn,May,5,5,3290,NA,12,NA,2,NA,147,NA,12,NA,2340,NA,3300,NA,NA,28,2018-08-28,240,NA,2019-06-05,156,NA,2019-05-05,125,281,-31,-0.3437715391028245,2,non-grass,3.29,bio,2.505525936990736
109,9,Hoffman et al. 1993,1993,"Columbus, OH",39.9612,-82.9988,splitplot,4,0.8849,NA,silt loam,NA,hairy vetch,legume,Y,summer,after,summer annual,Aug,8,28,45,drilled,Jun,6,5,mowing,M,corn,May,5,5,3130,NA,10,NA,2,NA,71,NA,12,NA,1670,NA,3300,NA,NA,28,2018-08-28,240,NA,2019-06-05,156,NA,2019-05-05,125,281,-31,-0.6810988420437707,2,non-grass,3.13,bio,1.777773227253315
110,9,Hoffman et al. 1993,1993,"Columbus, OH",39.9612,-82.9988,splitplot,4,0.8849,NA,silt loam,NA,hairy vetch,legume,Y,summer,after,summer annual,Aug,8,28,45,drilled,Jun,6,6,herbicide,H,corn,May,5,6,3720,NA,4,NA,2,NA,35,NA,12,NA,2830,NA,3300,NA,NA,28,2018-08-28,240,NA,2019-06-06,157,NA,2019-05-06,126,282,-31,-0.15364575681728831,2,non-grass,3.72,bio,1.0704414117014134
115,11,"Werle et al., 2017",2017,"North Platte, NE",41.132511,-100.763969,RCBD,3,0.4388,NA,silt loam,NA,rye,grass,Y,spring,before,winter annual,Oct,10,17,67,drilled,Apr,4,18,herbicide,H,corn,NA,NA,NA,3766,201,17,5,196,25,10,4,115,11,NA,NA,NA,NA,NA,17,2018-10-17,290,NA,2019-04-18,108,NA,NA,NA,183,NA,NA,1.5,grass,3.766,bio,-2.4423470353692043
116,11,"Werle et al., 2017",2017,"North Platte, NE",41.132511,-100.763969,RCBD,3,0.4388,NA,sandy loam,NA,rye,grass,Y,spring,before,winter annual,Sep,9,20,94.1,drilled,Apr,4,18,herbicide,H,corn,NA,NA,NA,4081,322,NA,NA,NA,NA,19,5,407,39,NA,NA,NA,NA,NA,20,2018-09-20,263,NA,2019-04-18,108,NA,NA,NA,210,NA,NA,1.5,grass,4.081,bio,-3.0643742062761548
117,12,"Crawford et al., 2018",2018,"Urbana, IL",40.076623,-88.239866,RCBDsplitplot,3,0.9116,3.4,silt loam,5.9,radish,brassica,N,summer,after,summer annual,NA,NA,NA,NA,drilled,NA,NA,NA,winter kill,W,soybean,NA,NA,NA,438,NA,113.4,NA,96,NA,1164,NA,1554,NA,NA,NA,NA,NA,NA,NA,NA,NA,NA,NA,NA,NA,NA,NA,NA,NA,NA,1.5,non-grass,0.438,bio,-0.2889699026362097
118,12,"Crawford et al., 2018",2018,"Urbana, IL",40.076623,-88.239866,RCBDsplitplot,3,0.9116,3.4,silt loam,5.9,canola,brassica,N,summer,after,summer annual,NA,NA,NA,NA,drilled,NA,NA,NA,herbicide,H,soybean,NA,NA,NA,1205,NA,146.2,NA,96,NA,983,NA,1554,NA,NA,NA,NA,NA,NA,NA,NA,NA,NA,NA,NA,NA,NA,NA,NA,NA,NA,1.5,non-grass,1.205,bio,-0.4579784107804262
119,12,"Crawford et al., 2018",2018,"Urbana, IL",40.076623,-88.239866,RCBDsplitplot,3,0.9116,3.4,silt loam,5.9,rye,grass,N,summer,after,summer annual,NA,NA,NA,NA,drilled,NA,NA,NA,herbicide,H,soybean,NA,NA,NA,2375,NA,77.7,NA,96,NA,226,NA,1554,NA,NA,NA,NA,NA,NA,NA,NA,NA,NA,NA,NA,NA,NA,NA,NA,NA,NA,1.5,grass,2.375,bio,-1.9280525316553068
120,12,"Crawford et al., 2018",2018,"Urbana, IL",40.076623,-88.239866,RCBDsplitplot,3,0.9116,3.4,silt loam,5.9,canola,brassica,N,summer,after,summer annual,NA,NA,NA,NA,drilled,NA,NA,NA,herbicide,H,soybean,NA,NA,NA,2360,NA,170.8,NA,96,NA,548,NA,1554,NA,NA,NA,NA,NA,NA,NA,NA,NA,NA,NA,NA,NA,NA,NA,NA,NA,NA,1.5,non-grass,2.36,bio,-1.0423122439795771
121,12,"Crawford et al., 2018",2018,"Urbana, IL",40.076623,-88.239866,RCBDsplitplot,3,0.9116,3.4,silt loam,5.9,rye,grass,N,summer,after,summer annual,NA,NA,NA,NA,drilled,NA,NA,NA,herbicide,H,soybean,NA,NA,NA,9003,NA,7.3,NA,96,NA,104,NA,1554,NA,NA,NA,NA,NA,NA,NA,NA,NA,NA,NA,NA,NA,NA,NA,NA,NA,NA,1.5,grass,9.003,bio,-2.7041966317862203
131,14,"Currie and Klocke, 2005",2005,"Garden City, Kansas",37.989331,-100.814511,RCBD,5,0.3698,1.5,silt loam,7,winter wheat,grass,N,summer,after,summer annual,Oct,10,NA,100,drilled,May,5,1,herbicide,H,corn,May,5,30,NA,NA,NA,NA,NA,NA,330.1,NA,380,NA,NA,NA,NA,NA,Y,15,NA,NA,Y,2019-05-01,121,Y,2019-05-30,150,NA,29,NA,2.5,grass,NA,bio,-0.14077561386128407
132,14,"Currie and Klocke, 2005",2005,"Garden City, Kansas",37.989331,-100.814511,RCBD,5,0.3698,1.5,silt loam,7,winter wheat,grass,N,summer,after,summer annual,Oct,10,NA,100,drilled,May,5,1,herbicide,H,corn,May,5,30,NA,NA,NA,NA,NA,NA,194.6,NA,328.1,NA,NA,NA,NA,NA,Y,15,NA,NA,Y,2019-05-01,121,Y,2019-05-30,150,NA,29,NA,2.5,grass,NA,bio,-0.5223722702151513
133,14,"Currie and Klocke, 2005",2005,"Garden City, Kansas",37.989331,-100.814511,RCBD,5,0.3698,1.5,silt loam,7,winter wheat,grass,N,summer,after,summer annual,Oct,10,NA,100,drilled,May,5,1,herbicide,H,corn,May,5,30,NA,NA,NA,NA,NA,NA,188.5,NA,206.7,NA,NA,NA,NA,NA,Y,15,NA,NA,Y,2019-05-01,121,Y,2019-05-30,150,NA,29,NA,2.5,grass,NA,bio,-0.0921704597996571
134,14,"Currie and Klocke, 2005",2005,"Garden City, Kansas",37.989331,-100.814511,RCBD,5,0.3698,1.7,silt loam,8.3,winter wheat,grass,N,summer,after,summer annual,Oct,10,NA,100,drilled,May,5,1,herbicide,H,corn,May,5,30,NA,NA,NA,NA,NA,NA,206,NA,290,NA,NA,NA,NA,NA,Y,15,NA,NA,Y,2019-05-01,121,Y,2019-05-30,150,NA,29,NA,2.5,grass,NA,bio,-0.3420047541909387
135,14,"Currie and Klocke, 2005",2005,"Garden City, Kansas",37.989331,-100.814511,RCBD,5,0.3698,1.7,silt loam,8.3,winter wheat,grass,N,summer,after,summer annual,Oct,10,NA,100,drilled,May,5,1,herbicide,H,corn,May,5,30,NA,NA,NA,NA,NA,NA,142.4,NA,150.8,NA,NA,NA,NA,NA,Y,15,NA,NA,Y,2019-05-01,121,Y,2019-05-30,150,NA,29,NA,2.5,grass,NA,bio,-0.05731445659598031
136,14,"Currie and Klocke, 2005",2005,"Garden City, Kansas",37.989331,-100.814511,RCBD,5,0.3698,1.7,silt loam,8.3,winter wheat,grass,N,summer,after,summer annual,Oct,10,NA,100,drilled,May,5,1,herbicide,H,corn,May,5,30,NA,NA,NA,NA,NA,NA,571.5,NA,599.2,NA,NA,NA,NA,NA,Y,15,NA,NA,Y,2019-05-01,121,Y,2019-05-30,150,NA,29,NA,2.5,grass,NA,bio,-0.04733094896814443
137,14,"Currie and Klocke, 2005",2005,"Garden City, Kansas",37.989331,-100.814511,RCBD,5,0.3698,1.6,silt loam,8.3,winter wheat,grass,N,summer,after,summer annual,Oct,10,NA,100,drilled,May,5,1,herbicide,H,corn,May,5,30,NA,NA,NA,NA,NA,NA,57.7,NA,24.2,NA,NA,NA,NA,NA,Y,15,NA,NA,Y,2019-05-01,121,Y,2019-05-30,150,NA,29,NA,2.5,grass,NA,bio,0.8689045403514133
138,14,"Currie and Klocke, 2005",2005,"Garden City, Kansas",37.989331,-100.814511,RCBD,5,0.3698,1.6,silt loam,8.3,winter wheat,grass,N,summer,after,summer annual,Oct,10,NA,100,drilled,May,5,1,herbicide,H,corn,May,5,30,NA,NA,NA,NA,NA,NA,603.2,NA,869.1,NA,NA,NA,NA,NA,Y,15,NA,NA,Y,2019-05-01,121,Y,2019-05-30,150,NA,29,NA,2.5,grass,NA,bio,-0.365209376749668
139,14,"Currie and Klocke, 2005",2005,"Garden City, Kansas",37.989331,-100.814511,RCBD,5,0.3698,1.6,silt loam,8.3,winter wheat,grass,N,summer,after,summer annual,Oct,10,NA,100,drilled,May,5,1,herbicide,H,corn,May,5,30,NA,NA,NA,NA,NA,NA,603.1,NA,691.4,NA,NA,NA,NA,NA,Y,15,NA,NA,Y,2019-05-01,121,Y,2019-05-30,150,NA,29,NA,2.5,grass,NA,bio,-0.13663550703058294
140,15,"Williams et al., 1998",1998,"Ithaca, Nebraska",41.145575,-96.498209,splitplot,3,0.7149,2.6,silty clay loam,6.3,barley,grass,N,summer,after,summer annual,Sep,9,7,78.4,drilled,Jun,6,6,herbicide,H,soybean,Jun,6,7,3170,NA,NA,NA,NA,NA,27.6,NA,68,NA,1630,NA,2060,NA,NA,7,2018-09-07,250,NA,2019-06-06,157,NA,2019-06-07,158,272,1,-0.23412596798281876,1.5,grass,3.17,bio,-0.9016919324530024
141,15,"Williams et al., 1998",1998,"Ithaca, Nebraska",41.145575,-96.498209,splitplot,3,0.7149,2.6,silty clay loam,6.3,rye,grass,N,summer,after,summer annual,Sep,9,7,78.4,drilled,Jun,6,6,herbicide,H,soybean,Jun,6,7,6310,NA,NA,NA,NA,NA,30.9,NA,68,NA,1540,NA,2060,NA,NA,7,2018-09-07,250,NA,2019-06-06,157,NA,2019-06-07,158,272,1,-0.2909235663759519,1.5,grass,6.31,bio,-0.7887515212724069
142,15,"Williams et al., 1998",1998,"Ithaca, Nebraska",41.145575,-96.498209,splitplot,3,0.7149,2.6,silty clay loam,6.3,triticale,grass,N,summer,after,summer annual,Sep,9,7,156.4,drilled,Jun,6,6,herbicide,H,soybean,Jun,6,7,7160,NA,NA,NA,NA,NA,32.1,NA,68,NA,1800,NA,2060,NA,NA,7,2018-09-07,250,NA,2019-06-06,157,NA,2019-06-07,158,272,1,-0.13491931789937076,1.5,grass,7.16,bio,-0.7506516750401364
143,15,"Williams et al., 1998",1998,"Ithaca, Nebraska",41.145575,-96.498209,splitplot,3,0.7149,2.6,silty clay loam,6.3,wheat,grass,N,summer,after,summer annual,Sep,9,7,78.4,drilled,Jun,6,6,herbicide,H,soybean,Jun,6,7,6710,NA,NA,NA,NA,NA,14.6,NA,68,NA,1920,NA,2060,NA,NA,7,2018-09-07,250,NA,2019-06-06,157,NA,2019-06-07,158,272,1,-0.0703807967617995,1.5,grass,6.71,bio,-1.538486176461816
144,15,"Williams et al., 1998",1998,"Ithaca, Nebraska",41.145575,-96.498209,splitplot,3,0.7149,2.8,silty clay loam,5.8,barley,grass,N,summer,after,summer annual,Sep,9,7,78.4,drilled,May,5,23,herbicide,H,soybean,May,5,21,130,NA,78,NA,71,NA,13.4,NA,21.4,NA,1480,NA,1200,NA,NA,7,2018-09-07,250,NA,2019-05-23,143,NA,2019-05-21,141,258,-2,0.2097205309820691,1.5,grass,0.13,bio,-0.46813621507094
145,15,"Williams et al., 1998",1998,"Ithaca, Nebraska",41.145575,-96.498209,splitplot,3,0.7149,2.8,silty clay loam,5.8,rye,grass,N,summer,after,summer annual,Sep,9,7,78.4,drilled,May,5,23,herbicide,H,soybean,May,5,21,2890,NA,74,NA,71,NA,0.7,NA,21.4,NA,2190,NA,1200,NA,NA,7,2018-09-07,250,NA,2019-05-23,143,NA,2019-05-21,141,258,-2,0.6015799870344548,1.5,grass,2.89,bio,-3.420065865966538
146,15,"Williams et al., 1998",1998,"Ithaca, Nebraska",41.145575,-96.498209,splitplot,3,0.7149,2.8,silty clay loam,5.8,triticale,grass,N,summer,after,summer annual,Sep,9,7,78.4,drilled,May,5,23,herbicide,H,soybean,May,5,21,750,NA,73,NA,71,NA,9.6,NA,21.4,NA,1440,NA,1200,NA,NA,7,2018-09-07,250,NA,2019-05-23,143,NA,2019-05-21,141,258,-2,0.1823215567939546,1.5,grass,0.75,bio,-0.8016278235540153
147,15,"Williams et al., 1998",1998,"Ithaca, Nebraska",41.145575,-96.498209,splitplot,3,0.7149,2.8,silty clay loam,5.8,wheat,grass,N,summer,after,summer annual,Sep,9,7,78.4,drilled,May,5,23,herbicide,H,soybean,May,5,21,2170,NA,90,NA,71,NA,3.5,NA,21.4,NA,1960,NA,1200,NA,NA,7,2018-09-07,250,NA,2019-05-23,143,NA,2019-05-21,141,258,-2,0.4906229164484712,1.5,grass,2.17,bio,-1.8106279535324377
148,15,"Williams et al., 1998",1998,"Ithaca, Nebraska",41.145575,-96.498209,splitplot,3,0.7149,2.8,silty clay loam,5.8,vetch,legume,N,summer,after,summer annual,Sep,9,7,35.8,drilled,May,5,23,herbicide,H,soybean,May,5,21,650,NA,99,NA,71,NA,8.7,NA,21.4,NA,1700,NA,1200,NA,NA,7,2018-09-07,250,NA,2019-05-23,143,NA,2019-05-21,141,258,-2,0.3483066942682158,1.5,non-grass,0.65,bio,-0.9000678963672678
18,3,"De Bruin et al., 2005",2005,"Waseca, MN",44.0770411,-93.50838429,RCBD,4,0.8636,NA,silt loam,NA,cereal rye,grass,N,summer,after,summer annual,Oct,10,18,125,drilled,May,5,1,herbicide 2x,H,soybean,May,5,14,375,NA,2.5,NA,8.8,NA,45.3,NA,60.1,NA,2890,NA,2570,NA,NA,18,2018-10-18,291,NA,2019-05-01,121,NA,2019-05-14,134,195,13,0.11735060321721236,2,grass,0.375,den,-1.2584609896100059
19,3,"De Bruin et al., 2005",2005,"Waseca, MN",44.0770411,-93.50838429,RCBD,4,0.8636,NA,silt loam,NA,cereal rye,grass,N,summer,after,summer annual,Oct,10,18,125,drilled,May,5,8,herbicide 2x,H,soybean,May,5,14,851,NA,2.3,NA,8.8,NA,26.8,NA,60.1,NA,2900,NA,2570,NA,NA,18,2018-10-18,291,NA,2019-05-08,128,NA,2019-05-14,134,202,6,0.1208048380852999,2,grass,0.851,den,-1.341842598549057
20,3,"De Bruin et al., 2005",2005,"Waseca, MN",44.0770411,-93.50838429,RCBD,4,0.8636,NA,silt loam,NA,cereal rye,grass,N,summer,after,summer annual,Oct,10,18,125,drilled,May,5,20,herbicide 2x,H,soybean,May,5,14,2185,NA,1.6,NA,8.8,NA,29.2,NA,60.1,NA,3310,NA,2570,NA,NA,18,2018-10-18,291,NA,2019-05-20,140,NA,2019-05-14,134,214,-6,0.2530422904818432,2,grass,2.185,den,-1.7047480922384253
21,3,"De Bruin et al., 2005",2005,"Waseca, MN",44.0770411,-93.50838429,RCBD,4,0.8636,NA,silt loam,NA,cereal rye,grass,N,summer,after,summer annual,Oct,10,18,125,drilled,May,5,1,herbicide 1x,H,soybean,May,5,14,375,NA,56.6,NA,6.4,NA,344.8,NA,64.4,NA,300,NA,2840,NA,NA,18,2018-10-18,291,NA,2019-05-01,121,NA,2019-05-14,134,195,13,-2.247776856499051,2,grass,0.375,den,2.179710994843511
22,3,"De Bruin et al., 2005",2005,"Waseca, MN",44.0770411,-93.50838429,RCBD,4,0.8636,NA,silt loam,NA,cereal rye,grass,N,summer,after,summer annual,Oct,10,18,125,drilled,May,5,8,herbicide 1x,H,soybean,May,5,14,851,NA,37.4,NA,6.4,NA,221.3,NA,64.4,NA,780,NA,2840,NA,NA,18,2018-10-18,291,NA,2019-05-08,128,NA,2019-05-14,134,202,6,-1.2922654114716141,2,grass,0.851,den,1.7653727140548598
23,3,"De Bruin et al., 2005",2005,"Waseca, MN",44.0770411,-93.50838429,RCBD,4,0.8636,NA,silt loam,NA,cereal rye,grass,N,summer,after,summer annual,Oct,10,18,125,drilled,May,5,20,herbicide 1x,H,soybean,May,5,14,2185,NA,14.4,NA,6.4,NA,146.3,NA,64.4,NA,1060,NA,2840,NA,NA,18,2018-10-18,291,NA,2019-05-20,140,NA,2019-05-14,134,214,-6,-0.9855351440491389,2,grass,2.185,den,0.8109302162163288
24,3,"De Bruin et al., 2005",2005,"Waseca, MN",44.0770411,-93.50838429,RCBD,4,0.8636,NA,silt loam,NA,cereal rye,grass,N,summer,after,summer annual,Oct,10,18,125,drilled,May,5,1,herbicide  1x + mowing,D,soybean,May,5,14,375,NA,12.1,NA,6.4,NA,47.8,NA,64.4,NA,2130,NA,2840,NA,NA,18,2018-10-18,291,NA,2019-05-01,121,NA,2019-05-14,134,195,13,-0.2876820724517809,2,grass,0.375,den,0.6369074622370691
25,3,"De Bruin et al., 2005",2005,"Waseca, MN",44.0770411,-93.50838429,RCBD,4,0.8636,NA,silt loam,NA,cereal rye,grass,N,summer,after,summer annual,Oct,10,18,125,drilled,May,5,8,herbicide  1x + mowing,D,soybean,May,5,14,851,NA,4.1,NA,6.4,NA,73.1,NA,64.4,NA,2690,NA,2840,NA,NA,18,2018-10-18,291,NA,2019-05-08,128,NA,2019-05-14,134,202,6,-0.054262858559366973,2,grass,0.851,den,-0.4453110166553642
26,3,"De Bruin et al., 2005",2005,"Waseca, MN",44.0770411,-93.50838429,RCBD,4,0.8636,NA,silt loam,NA,cereal rye,grass,N,summer,after,summer annual,Oct,10,18,125,drilled,May,5,20,herbicide  1x + mowing,D,soybean,May,5,14,2185,NA,3.6,NA,6.4,NA,20.9,NA,64.4,NA,2920,NA,2840,NA,NA,18,2018-10-18,291,NA,2019-05-20,140,NA,2019-05-14,134,214,-6,0.02777956410707567,2,grass,2.185,den,-0.5753641449035618
27,3,"De Bruin et al., 2005",2005,"Waseca, MN",44.0770411,-93.50838429,RCBD,4,0.8636,NA,silt loam,NA,cereal rye,grass,N,summer,after,summer annual,Oct,10,18,125,drilled,May,5,28,herbicide 2x,H,soybean,May,5,30,3768,NA,2.1,NA,0.8,NA,7.5,NA,1.2,NA,3140,NA,1780,NA,NA,18,2018-10-18,291,NA,2019-05-28,148,NA,2019-05-30,150,222,2,0.5676094356161683,2,grass,3.768,den,0.965080896043587
28,4,"Fisk et al., 2001",2001,"East Landsing, MI",42.4056,-85.4008,RCBD,4,0.9202,NA,loam,6.7,santiago medic,legume,N,spring,before,winter annual,Aug,8,NA,13.4,drilled,NA,NA,NA,winter kill,W,corn,May,5,15,3100,NA,53,NA,91,NA,65.7,NA,234,NA,NA,NA,NA,NA,Y,15,NA,NA,NA,NA,NA,NA,2019-05-15,135,NA,NA,NA,2,non-grass,3.1,den,-0.5405675929647281
29,4,"Fisk et al., 2001",2001,"East Landsing, MI",42.4056,-85.4008,RCBD,4,0.9202,NA,loam,6.7,mogul medic,legume,N,spring,before,winter annual,Aug,8,NA,15.7,drilled,NA,NA,NA,winter kill,W,corn,May,5,15,5300,NA,29,NA,91,NA,52.5,NA,234,NA,NA,NA,NA,NA,Y,15,NA,NA,NA,NA,NA,NA,2019-05-15,135,NA,NA,NA,2,non-grass,5.3,den,-1.143563676530376
30,4,"Fisk et al., 2001",2001,"East Landsing, MI",42.4056,-85.4008,RCBD,4,0.9202,NA,loam,6.7,red clover,legume,N,spring,before,winter annual,Aug,8,NA,16.8,drilled,NA,NA,NA,winter kill,W,corn,May,5,15,4100,NA,20.3,NA,91,NA,51.4,NA,234,NA,NA,NA,NA,NA,Y,15,NA,NA,NA,NA,NA,NA,2019-05-15,135,NA,NA,NA,2,non-grass,4.1,den,-1.5002386204691083
31,4,"Fisk et al., 2001",2001,"East Landsing, MI",42.4056,-85.4008,RCBD,4,0.9202,NA,loam,6.7,berseem clover,legume,N,spring,before,winter annual,Aug,8,NA,16.8,drilled,NA,NA,NA,herbicide,H,corn,May,5,15,1900,NA,29,NA,91,NA,46.2,NA,234,NA,NA,NA,NA,NA,Y,15,NA,NA,NA,NA,NA,NA,2019-05-15,135,NA,NA,NA,2,non-grass,1.9,den,-1.143563676530376
32,4,"Fisk et al., 2001",2001,"East Landsing, MI",42.4056,-85.4008,RCBD,4,0.9202,NA,loam,6.7,santiago medic,legume,N,spring,before,winter annual,Aug,8,NA,13.4,drilled,NA,NA,NA,winter kill,W,corn,May,5,15,2200,NA,19.5,NA,30.5,NA,19.9,NA,43,NA,NA,NA,NA,NA,Y,15,NA,NA,NA,NA,NA,NA,2019-05-15,135,NA,NA,NA,2,non-grass,2.2,den,-0.4473122180436648
33,4,"Fisk et al., 2001",2001,"East Landsing, MI",42.4056,-85.4008,RCBD,4,0.9202,NA,loam,6.7,mogul medic,legume,N,spring,before,winter annual,Aug,8,NA,15.7,drilled,NA,NA,NA,winter kill,W,corn,May,5,15,1800,NA,39.5,NA,30.5,NA,35.1,NA,43,NA,NA,NA,NA,NA,Y,15,NA,NA,NA,NA,NA,NA,2019-05-15,135,NA,NA,NA,2,non-grass,1.8,den,0.2585739882937103
34,4,"Fisk et al., 2001",2001,"East Landsing, MI",42.4056,-85.4008,RCBD,4,0.9202,NA,loam,6.7,red clover,legume,N,spring,before,winter annual,Aug,8,NA,16.8,drilled,NA,NA,NA,winter kill,W,corn,May,5,15,1300,NA,17.3,NA,30.5,NA,12.5,NA,43,NA,NA,NA,NA,NA,Y,15,NA,NA,NA,NA,NA,NA,2019-05-15,135,NA,NA,NA,2,non-grass,1.3,den,-0.5670201821096326
36,4,"Fisk et al., 2001",2001,"Hickory Corners, MI",42.441427,-85.375561,RCBD,4,0.9297,NA,loam,6.7,santiago medic,legume,N,spring,before,winter annual,Aug,8,NA,13.4,drilled,NA,NA,NA,winter kill,W,corn,May,5,15,2000,NA,21,NA,26.8,NA,70.8,NA,124,NA,NA,NA,NA,NA,Y,15,NA,NA,NA,NA,NA,NA,2019-05-15,135,NA,NA,NA,2,non-grass,2,den,-0.24387944979338808
37,4,"Fisk et al., 2001",2001,"Hickory Corners, MI",42.441427,-85.375561,RCBD,4,0.9297,NA,loam,6.7,mogul medic,legume,N,spring,before,winter annual,Aug,8,NA,15.7,drilled,NA,NA,NA,winter kill,W,corn,May,5,15,2300,NA,19.5,NA,26.8,NA,51.7,NA,124,NA,NA,NA,NA,NA,Y,15,NA,NA,NA,NA,NA,NA,2019-05-15,135,NA,NA,NA,2,non-grass,2.3,den,-0.31798742194710994
38,4,"Fisk et al., 2001",2001,"Hickory Corners, MI",42.441427,-85.375561,RCBD,4,0.9297,NA,loam,6.7,red clover,legume,N,spring,before,winter annual,Aug,8,NA,16.8,drilled,NA,NA,NA,winter kill,W,corn,May,5,15,2200,NA,20.5,NA,26.8,NA,42.4,NA,124,NA,NA,NA,NA,NA,Y,15,NA,NA,NA,NA,NA,NA,2019-05-15,135,NA,NA,NA,2,non-grass,2.2,den,-0.26797700137244856
39,4,"Fisk et al., 2001",2001,"Hickory Corners, MI",42.441427,-85.375561,RCBD,4,0.9297,NA,loam,6.7,berseem clover,legume,N,spring,before,winter annual,Aug,8,NA,16.8,drilled,NA,NA,NA,herbicide,H,corn,May,5,15,1400,NA,22.5,NA,26.8,NA,74.4,NA,124,NA,NA,NA,NA,NA,Y,15,NA,NA,NA,NA,NA,NA,2019-05-15,135,NA,NA,NA,2,non-grass,1.4,den,-0.17488657830643664
40,4,"Fisk et al., 2001",2001,"Hickory Corners, MI",42.441427,-85.375561,RCBD,4,0.9297,NA,loam,6.7,santiago medic,legume,N,spring,before,winter annual,Aug,8,NA,13.4,drilled,NA,NA,NA,winter kill,W,corn,May,5,15,2800,NA,29.3,NA,81.8,NA,9.4,NA,76.3,NA,NA,NA,NA,NA,Y,15,NA,NA,NA,NA,NA,NA,2019-05-15,135,NA,NA,NA,2,non-grass,2.8,den,-1.0266897275856797
41,4,"Fisk et al., 2001",2001,"Hickory Corners, MI",42.441427,-85.375561,RCBD,4,0.9297,NA,loam,6.7,mogul medic,legume,N,spring,before,winter annual,Aug,8,NA,15.7,drilled,NA,NA,NA,winter kill,W,corn,May,5,15,2400,NA,57.5,NA,81.8,NA,41.1,NA,76.3,NA,NA,NA,NA,NA,Y,15,NA,NA,NA,NA,NA,NA,2019-05-15,135,NA,NA,NA,2,non-grass,2.4,den,-0.35249229580539665
42,4,"Fisk et al., 2001",2001,"Hickory Corners, MI",42.441427,-85.375561,RCBD,4,0.9297,NA,loam,6.7,red clover,legume,N,spring,before,winter annual,Aug,8,NA,16.8,drilled,NA,NA,NA,winter kill,W,corn,May,5,15,1600,NA,27.8,NA,81.8,NA,26.3,NA,76.3,NA,NA,NA,NA,NA,Y,15,NA,NA,NA,NA,NA,NA,2019-05-15,135,NA,NA,NA,2,non-grass,1.6,den,-1.07924122291211
43,4,"Fisk et al., 2001",2001,"Hickory Corners, MI",42.441427,-85.375561,RCBD,4,0.9297,NA,loam,6.7,berseem clover,legume,N,spring,before,winter annual,Aug,8,NA,16.8,drilled,NA,NA,NA,herbicide,H,corn,May,5,15,1700,NA,77.3,NA,81.8,NA,56.6,NA,76.3,NA,NA,NA,NA,NA,Y,15,NA,NA,NA,NA,NA,NA,2019-05-15,135,NA,NA,NA,2,non-grass,1.7,den,-0.056583288015325035
44,4,"Fisk et al., 2001",2001,"East Landsing, MI",42.4056,-85.4008,RCBD,4,0.9202,NA,loam,6.7,santiago medic,legume,N,summer,after,summer annual,Aug,8,NA,13.4,drilled,NA,NA,NA,winter kill,W,corn,May,5,15,3100,NA,4,NA,42.1,NA,2.2,NA,8.6,NA,NA,NA,NA,NA,Y,15,NA,NA,NA,NA,NA,NA,2019-05-15,135,NA,NA,NA,2,non-grass,3.1,den,-2.3537533795684453
45,4,"Fisk et al., 2001",2001,"East Landsing, MI",42.4056,-85.4008,RCBD,4,0.9202,NA,loam,6.7,mogul medic,legume,N,summer,after,summer annual,Aug,8,NA,15.7,drilled,NA,NA,NA,winter kill,W,corn,May,5,15,5300,NA,4.8,NA,42.1,NA,2.4,NA,8.6,NA,NA,NA,NA,NA,Y,15,NA,NA,NA,NA,NA,NA,2019-05-15,135,NA,NA,NA,2,non-grass,5.3,den,-2.1714318227744904
46,4,"Fisk et al., 2001",2001,"East Landsing, MI",42.4056,-85.4008,RCBD,4,0.9202,NA,loam,6.7,red clover,legume,N,summer,after,summer annual,Aug,8,NA,16.8,drilled,NA,NA,NA,winter kill,W,corn,May,5,15,4100,NA,46.5,NA,42.1,NA,2.3,NA,8.6,NA,NA,NA,NA,NA,Y,15,NA,NA,NA,NA,NA,NA,2019-05-15,135,NA,NA,NA,2,non-grass,4.1,den,0.0994045719049748
47,4,"Fisk et al., 2001",2001,"East Landsing, MI",42.4056,-85.4008,RCBD,4,0.9202,NA,loam,6.7,berseem clover,legume,N,summer,after,summer annual,Aug,8,NA,16.8,drilled,NA,NA,NA,herbicide,H,corn,May,5,15,1900,NA,7.8,NA,42.1,NA,2.9,NA,8.6,NA,NA,NA,NA,NA,Y,15,NA,NA,NA,NA,NA,NA,2019-05-15,135,NA,NA,NA,2,non-grass,1.9,den,-1.6859240069927899
48,4,"Fisk et al., 2001",2001,"East Landsing, MI",42.4056,-85.4008,RCBD,4,0.9202,NA,loam,6.7,santiago medic,legume,N,summer,after,summer annual,Aug,8,NA,13.4,drilled,NA,NA,NA,winter kill,W,corn,May,5,15,2200,NA,29.8,NA,37.8,NA,2.2,NA,7.9,NA,NA,NA,NA,NA,Y,15,NA,NA,NA,NA,NA,NA,2019-05-15,135,NA,NA,NA,2,non-grass,2.2,den,-0.23780070911418308
49,4,"Fisk et al., 2001",2001,"East Landsing, MI",42.4056,-85.4008,RCBD,4,0.9202,NA,loam,6.7,mogul medic,legume,N,summer,after,summer annual,Aug,8,NA,15.7,drilled,NA,NA,NA,winter kill,W,corn,May,5,15,1800,NA,36.3,NA,37.8,NA,2.4,NA,7.9,NA,NA,NA,NA,NA,Y,15,NA,NA,NA,NA,NA,NA,2019-05-15,135,NA,NA,NA,2,non-grass,1.8,den,-0.040491361354736875
50,4,"Fisk et al., 2001",2001,"East Landsing, MI",42.4056,-85.4008,RCBD,4,0.9202,NA,loam,6.7,red clover,legume,N,summer,after,summer annual,Aug,8,NA,16.8,drilled,NA,NA,NA,winter kill,W,corn,May,5,15,1300,NA,10.5,NA,37.8,NA,2.3,NA,7.9,NA,NA,NA,NA,NA,Y,15,NA,NA,NA,NA,NA,NA,2019-05-15,135,NA,NA,NA,2,non-grass,1.3,den,-1.2809338454620642
52,4,"Fisk et al., 2001",2001,"Hickory Corners, MI",42.441427,-85.375561,RCBD,4,0.9297,NA,loam,6.7,santiago medic,legume,N,summer,after,summer annual,Aug,8,NA,13.4,drilled,NA,NA,NA,winter kill,W,corn,May,5,15,2000,NA,22.5,NA,18.8,NA,4.7,NA,8.6,NA,NA,NA,NA,NA,Y,15,NA,NA,NA,NA,NA,NA,2019-05-15,135,NA,NA,NA,2,non-grass,2,den,0.17965843937447082
53,4,"Fisk et al., 2001",2001,"Hickory Corners, MI",42.441427,-85.375561,RCBD,4,0.9297,NA,loam,6.7,mogul medic,legume,N,summer,after,summer annual,Aug,8,NA,15.7,drilled,NA,NA,NA,winter kill,W,corn,May,5,15,2300,NA,14,NA,18.8,NA,12.2,NA,8.6,NA,NA,NA,NA,NA,Y,15,NA,NA,NA,NA,NA,NA,2019-05-15,135,NA,NA,NA,2,non-grass,2.3,den,-0.294799540220645
54,4,"Fisk et al., 2001",2001,"Hickory Corners, MI",42.441427,-85.375561,RCBD,4,0.9297,NA,loam,6.7,red clover,legume,N,summer,after,summer annual,Aug,8,NA,16.8,drilled,NA,NA,NA,winter kill,W,corn,May,5,15,2200,NA,17.3,NA,18.8,NA,4.5,NA,8.6,NA,NA,NA,NA,NA,Y,15,NA,NA,NA,NA,NA,NA,2019-05-15,135,NA,NA,NA,2,non-grass,2.2,den,-0.08315036833217024
55,4,"Fisk et al., 2001",2001,"Hickory Corners, MI",42.441427,-85.375561,RCBD,4,0.9297,NA,loam,6.7,berseem clover,legume,N,summer,after,summer annual,Aug,8,NA,16.8,drilled,NA,NA,NA,herbicide,H,corn,May,5,15,1400,NA,24.5,NA,18.8,NA,NA,NA,8.6,NA,NA,NA,NA,NA,Y,15,NA,NA,NA,NA,NA,NA,2019-05-15,135,NA,NA,NA,2,non-grass,1.4,den,0.2648162477147777
56,4,"Fisk et al., 2001",2001,"Hickory Corners, MI",42.441427,-85.375561,RCBD,4,0.9297,NA,loam,6.7,santiago medic,legume,N,summer,after,summer annual,Aug,8,NA,13.4,drilled,NA,NA,NA,winter kill,W,corn,May,5,15,2800,NA,5.8,NA,12.3,NA,4.7,NA,7.9,NA,NA,NA,NA,NA,Y,15,NA,NA,NA,NA,NA,NA,2019-05-15,135,NA,NA,NA,2,non-grass,2.8,den,-0.7517413448259983
57,4,"Fisk et al., 2001",2001,"Hickory Corners, MI",42.441427,-85.375561,RCBD,4,0.9297,NA,loam,6.7,mogul medic,legume,N,summer,after,summer annual,Aug,8,NA,15.7,drilled,NA,NA,NA,winter kill,W,corn,May,5,15,2400,NA,15.5,NA,12.3,NA,12.2,NA,7.9,NA,NA,NA,NA,NA,Y,15,NA,NA,NA,NA,NA,NA,2019-05-15,135,NA,NA,NA,2,non-grass,2.4,den,0.23124076154682902
58,4,"Fisk et al., 2001",2001,"Hickory Corners, MI",42.441427,-85.375561,RCBD,4,0.9297,NA,loam,6.7,red clover,legume,N,summer,after,summer annual,Aug,8,NA,16.8,drilled,NA,NA,NA,winter kill,W,corn,May,5,15,1600,NA,13,NA,12.3,NA,4.5,NA,7.9,NA,NA,NA,NA,NA,Y,15,NA,NA,NA,NA,NA,NA,2019-05-15,135,NA,NA,NA,2,non-grass,1.6,den,0.0553500950831649
59,4,"Fisk et al., 2001",2001,"Hickory Corners, MI",42.441427,-85.375561,RCBD,4,0.9297,NA,loam,6.7,berseem clover,legume,N,summer,after,summer annual,Aug,8,NA,16.8,drilled,NA,NA,NA,herbicide,H,corn,May,5,15,1700,NA,9.8,NA,12.3,NA,NA,NA,7.9,NA,NA,NA,NA,NA,Y,15,NA,NA,NA,NA,NA,NA,2019-05-15,135,NA,NA,NA,2,non-grass,1.7,den,-0.22721687670184557
60,4,"Fisk et al., 2001",2001,"East Landsing, MI",42.4056,-85.4008,RCBD,4,0.9202,NA,loam,6.7,santiago medic,legume,N,summer,after,perennial,Aug,8,NA,13.4,drilled,NA,NA,NA,winter kill,W,corn,May,5,15,3100,NA,5.5,NA,10.3,NA,0.8,NA,1.1,NA,NA,NA,NA,NA,Y,15,NA,NA,NA,NA,NA,NA,2019-05-15,135,NA,NA,NA,2,non-grass,3.1,den,-0.6273958029971649
61,4,"Fisk et al., 2001",2001,"East Landsing, MI",42.4056,-85.4008,RCBD,4,0.9202,NA,loam,6.7,mogul medic,legume,N,summer,after,perennial,Aug,8,NA,15.7,drilled,NA,NA,NA,winter kill,W,corn,May,5,15,5300,NA,5.3,NA,10.3,NA,0.8,NA,0.4,NA,NA,NA,NA,NA,Y,15,NA,NA,NA,NA,NA,NA,2019-05-15,135,NA,NA,NA,2,non-grass,5.3,den,-0.6644370746775139
62,4,"Fisk et al., 2001",2001,"East Landsing, MI",42.4056,-85.4008,RCBD,4,0.9202,NA,loam,6.7,red clover,legume,N,summer,after,perennial,Aug,8,NA,16.8,drilled,NA,NA,NA,winter kill,W,corn,May,5,15,4100,NA,9.5,NA,10.3,NA,0.8,NA,1.9,NA,NA,NA,NA,NA,Y,15,NA,NA,NA,NA,NA,NA,2019-05-15,135,NA,NA,NA,2,non-grass,4.1,den,-0.08085209662909502
63,4,"Fisk et al., 2001",2001,"East Landsing, MI",42.4056,-85.4008,RCBD,4,0.9202,NA,loam,6.7,berseem clover,legume,N,summer,after,perennial,Aug,8,NA,16.8,drilled,NA,NA,NA,herbicide,H,corn,May,5,15,1900,NA,13,NA,10.3,NA,0.8,NA,1.2,NA,NA,NA,NA,NA,Y,15,NA,NA,NA,NA,NA,NA,2019-05-15,135,NA,NA,NA,2,non-grass,1.9,den,0.23280546222594656
64,4,"Fisk et al., 2001",2001,"East Landsing, MI",42.4056,-85.4008,RCBD,4,0.9202,NA,loam,6.7,santiago medic,legume,N,summer,after,perennial,Aug,8,NA,13.4,drilled,NA,NA,NA,winter kill,W,corn,May,5,15,2200,NA,5.8,NA,11.5,NA,4.1,NA,0.7,NA,NA,NA,NA,NA,Y,15,NA,NA,NA,NA,NA,NA,2019-05-15,135,NA,NA,NA,2,non-grass,2.2,den,-0.68448911781683075
65,4,"Fisk et al., 2001",2001,"East Landsing, MI",42.4056,-85.4008,RCBD,4,0.9202,NA,loam,6.7,mogul medic,legume,N,summer,after,perennial,Aug,8,NA,15.7,drilled,NA,NA,NA,winter kill,W,corn,May,5,15,1800,NA,9.3,NA,11.5,NA,4.1,NA,2.1,NA,NA,NA,NA,NA,Y,15,NA,NA,NA,NA,NA,NA,2019-05-15,135,NA,NA,NA,2,non-grass,1.8,den,-0.212332635209994
66,4,"Fisk et al., 2001",2001,"East Landsing, MI",42.4056,-85.4008,RCBD,4,0.9202,NA,loam,6.7,red clover,legume,N,summer,after,perennial,Aug,8,NA,16.8,drilled,NA,NA,NA,winter kill,W,corn,May,5,15,1300,NA,7.8,NA,11.5,NA,4.1,NA,1.1,NA,NA,NA,NA,NA,Y,15,NA,NA,NA,NA,NA,NA,2019-05-15,135,NA,NA,NA,2,non-grass,1.3,den,-0.38822330167365837
68,4,"Fisk et al., 2001",2001,"Hickory Corners, MI",42.441427,-85.375561,RCBD,4,0.9297,NA,loam,6.7,santiago medic,legume,N,summer,after,perennial,Aug,8,NA,13.4,drilled,NA,NA,NA,winter kill,W,corn,May,5,15,2000,NA,22.5,NA,18.8,NA,2.6,NA,2.9,NA,NA,NA,NA,NA,Y,15,NA,NA,NA,NA,NA,NA,2019-05-15,135,NA,NA,NA,2,non-grass,2,den,0.17965843937447082
69,4,"Fisk et al., 2001",2001,"Hickory Corners, MI",42.441427,-85.375561,RCBD,4,0.9297,NA,loam,6.7,mogul medic,legume,N,summer,after,perennial,Aug,8,NA,15.7,drilled,NA,NA,NA,winter kill,W,corn,May,5,15,2300,NA,14,NA,18.8,NA,2.6,NA,2.7,NA,NA,NA,NA,NA,Y,15,NA,NA,NA,NA,NA,NA,2019-05-15,135,NA,NA,NA,2,non-grass,2.3,den,-0.294799540220645
70,4,"Fisk et al., 2001",2001,"Hickory Corners, MI",42.441427,-85.375561,RCBD,4,0.9297,NA,loam,6.7,red clover,legume,N,summer,after,perennial,Aug,8,NA,16.8,drilled,NA,NA,NA,winter kill,W,corn,May,5,15,2200,NA,17.3,NA,18.8,NA,2.6,NA,2.3,NA,NA,NA,NA,NA,Y,15,NA,NA,NA,NA,NA,NA,2019-05-15,135,NA,NA,NA,2,non-grass,2.2,den,-0.08315036833217024
71,4,"Fisk et al., 2001",2001,"Hickory Corners, MI",42.441427,-85.375561,RCBD,4,0.9297,NA,loam,6.7,berseem clover,legume,N,summer,after,perennial,Aug,8,NA,16.8,drilled,NA,NA,NA,herbicide,H,corn,May,5,15,1400,NA,24.5,NA,18.8,NA,2.6,NA,3.7,NA,NA,NA,NA,NA,Y,15,NA,NA,NA,NA,NA,NA,2019-05-15,135,NA,NA,NA,2,non-grass,1.4,den,0.2648162477147777
72,4,"Fisk et al., 2001",2001,"Hickory Corners, MI",42.441427,-85.375561,RCBD,4,0.9297,NA,loam,6.7,santiago medic,legume,N,summer,after,perennial,Aug,8,NA,13.4,drilled,NA,NA,NA,winter kill,W,corn,May,5,15,2800,NA,10.5,NA,16.5,NA,0.8,NA,1.1,NA,NA,NA,NA,NA,Y,15,NA,NA,NA,NA,NA,NA,2019-05-15,135,NA,NA,NA,2,non-grass,2.8,den,-0.45198512374305727
73,4,"Fisk et al., 2001",2001,"Hickory Corners, MI",42.441427,-85.375561,RCBD,4,0.9297,NA,loam,6.7,mogul medic,legume,N,summer,after,perennial,Aug,8,NA,15.7,drilled,NA,NA,NA,winter kill,W,corn,May,5,15,2400,NA,19.8,NA,16.5,NA,0.8,NA,4,NA,NA,NA,NA,NA,Y,15,NA,NA,NA,NA,NA,NA,2019-05-15,135,NA,NA,NA,2,non-grass,2.4,den,0.1823215567939546
74,4,"Fisk et al., 2001",2001,"Hickory Corners, MI",42.441427,-85.375561,RCBD,4,0.9297,NA,loam,6.7,red clover,legume,N,summer,after,perennial,Aug,8,NA,16.8,drilled,NA,NA,NA,winter kill,W,corn,May,5,15,1600,NA,32.5,NA,16.5,NA,0.8,NA,4.2,NA,NA,NA,NA,NA,Y,15,NA,NA,NA,NA,NA,NA,2019-05-15,135,NA,NA,NA,2,non-grass,1.6,den,0.6778797084291569
75,4,"Fisk et al., 2001",2001,"Hickory Corners, MI",42.441427,-85.375561,RCBD,4,0.9297,NA,loam,6.7,berseem clover,legume,N,summer,after,perennial,Aug,8,NA,16.8,drilled,NA,NA,NA,herbicide,H,corn,May,5,15,1700,NA,11.8,NA,16.5,NA,0.8,NA,1,NA,NA,NA,NA,NA,Y,15,NA,NA,NA,NA,NA,NA,2019-05-15,135,NA,NA,NA,2,non-grass,1.7,den,-0.3352608494349158
76,5,Forcella 2013,2013,"Stevens County, MN",45.68333333,-95.8,RCBDsplitplot,4,0.6512,NA,loam,7.3,rye,grass,Y,spring,before,summer annual,Sep,9,2,73,drilled,Jun,6,11,roller crimper,M,soybean,Jun,6,11,6000,1040,1,0.3,30,7.5,1,1,453,131.3,2080,110,2640,190,NA,2,2018-09-02,245,NA,2019-06-11,162,NA,2019-06-11,162,282,0,-0.23841102344499823,2,grass,6,den,-3.4011973816621555
77,5,Forcella 2013,2013,"Stevens County, MN",45.68333333,-95.8,RCBDsplitplot,4,0.6512,NA,loam,7.3,rye,grass,Y,spring,before,summer annual,Sep,9,20,73,drilled,Jun,6,14,roller crimper,M,soybean,Jun,6,14,6000,890,51,46.4,19,8.2,35,8.7,35,8.7,1960,120,1960,120,NA,20,2018-09-20,263,NA,2019-06-14,165,NA,2019-06-14,165,267,0,0,2,grass,6,den,0.9873866535578852
78,6,Delate et al. 2012,2012,Greenfield IA,41.30317,-94.45955,RCBD,4,0.8276,NA,silty clay loam,NA,winter wheat + Austrian winter pea,mix,Y,summer,after,summer annual,Oct,10,31,84,drilled,May,5,25,roller crimper,M,soybean,May,5,25,NA,NA,8.8,NA,5.6,NA,NA,NA,NA,NA,2862,NA,3170,NA,NA,31,2018-10-31,304,NA,2019-05-25,145,NA,2019-05-25,145,206,0,-0.1022109067549301,2,non-grass,NA,den,0.4519851237430574
79,6,Delate et al. 2012,2012,Greenfield IA,41.30317,-94.45955,RCBD,4,0.8276,NA,silty clay loam,NA,rye + vetch,mix,Y,summer,after,summer annual,Oct,10,31,108,drilled,May,5,25,roller crimper,M,soybean,May,5,25,NA,NA,5,NA,5.6,NA,NA,NA,NA,NA,2724,NA,3170,NA,NA,31,2018-10-31,304,NA,2019-05-25,145,NA,2019-05-25,145,206,0,-0.15163019960192337,2,non-grass,NA,den,-0.11332868530700312
80,6,Delate et al. 2012,2012,Greenfield IA,41.30317,-94.45955,RCBD,4,0.8276,NA,silty clay loam,NA,winter wheat + Austrian winter pea,mix,Y,summer,after,summer annual,Oct,10,31,84,drilled,May,5,25,roller crimper,M,corn,May,5,25,NA,NA,10.9,NA,3.5,NA,NA,NA,NA,NA,640,NA,7777,NA,NA,31,2018-10-31,304,NA,2019-05-25,145,NA,2019-05-25,145,206,0,-2.497457762341226,2,non-grass,NA,den,1.13599982073973
81,6,Delate et al. 2012,2012,Greenfield IA,41.30317,-94.45955,RCBD,4,0.8276,NA,silty clay loam,NA,rye + vetch,mix,N,summer,after,summer annual,Oct,10,31,108,drilled,May,5,25,roller crimper,M,corn,May,5,25,NA,NA,31.6,NA,3.5,NA,NA,NA,NA,NA,628,NA,7777,NA,NA,31,2018-10-31,304,NA,2019-05-25,145,NA,2019-05-25,145,206,0,-2.5163857722267444,2,non-grass,NA,den,2.2003941520974983
86,8,"Gieske et al., 2016",2016,"Lamberton, MN",45.25,-95.2647,splitplot,4,0.6486,NA,silt loam,NA,radish,brassica,Y,summer,after,summer annual,Aug,8,18,19,drilled,NA,NA,NA,none,none,corn,Jun,6,7,3831,188,121,NA,120,NA,NA,NA,NA,NA,4600,NA,4700,NA,NA,18,2018-08-18,230,NA,NA,NA,NA,2019-06-07,158,NA,NA,-0.02150620522096362,2,non-grass,3.831,den,0.008298802814695064
87,8,"Gieske et al., 2016",2016,"Lamberton, MN",45.25,-95.2647,splitplot,4,0.6486,NA,silt loam,NA,radish,brassica,Y,summer,after,summer annual,Aug,8,23,19,drilled,NA,NA,NA,none,none,corn,May,5,22,3019,141,7,NA,5,NA,NA,NA,NA,NA,11100,NA,11200,NA,NA,23,2018-08-23,235,NA,NA,NA,NA,2019-05-22,142,NA,NA,-0.008968669982760375,2,non-grass,3.019,den,0.3364722366212129
88,8,"Gieske et al., 2016",2016,"Rosemount, MN",44.72,-93.11223,splitplot,4,0.8367,NA,loam,NA,radish,brassica,Y,summer,after,summer annual,Aug,8,19,19,drilled,NA,NA,NA,none,none,corn,May,5,26,2612,151,14,NA,7,NA,NA,NA,NA,NA,9600,NA,8800,NA,NA,19,2018-08-19,231,NA,NA,NA,NA,2019-05-26,146,NA,NA,0.0870113769896297,2,non-grass,2.612,den,0.6931471805599453
89,8,"Gieske et al., 2016",2016,"Rosemount, MN",44.72,-93.11223,splitplot,4,0.8367,NA,loam,NA,radish,brassica,Y,summer,after,summer annual,Aug,8,19,19,drilled,NA,NA,NA,none,none,corn,May,5,16,2767,116,38,NA,34,NA,NA,NA,NA,NA,10500,NA,10700,NA,NA,19,2018-08-19,231,NA,NA,NA,NA,2019-05-16,136,NA,NA,-0.018868484304382805,2,non-grass,2.767,den,0.1112256351102244
90,9,Hoffman et al. 1993,1993,"Columbus, OH",39.9612,-82.9988,splitplot,4,0.8849,NA,silt loam,NA,hairy vetch,legume,Y,summer,after,summer annual,Aug,8,28,45,drilled,Apr,4,27,roller crimper,M,corn,Apr,4,27,8130,NA,8,NA,41,NA,17,NA,217,NA,40,NA,9770,NA,NA,28,2018-08-28,240,NA,2019-04-27,117,NA,2019-04-27,117,242,0,-5.498192290922892,2,non-grass,8.13,den,-1.6341305250244718
91,9,Hoffman et al. 1993,1993,"Columbus, OH",39.9612,-82.9988,splitplot,4,0.8849,NA,silt loam,NA,hairy vetch,legume,Y,summer,after,summer annual,Aug,8,28,45,drilled,Apr,4,27,mowing,M,corn,Apr,4,27,5430,NA,25,NA,41,NA,147,NA,217,NA,3000,NA,9770,NA,NA,28,2018-08-28,240,NA,2019-04-27,117,NA,2019-04-27,117,242,0,-1.1807041773865816,2,non-grass,5.43,den,-0.49469624183610705
92,9,Hoffman et al. 1993,1993,"Columbus, OH",39.9612,-82.9988,splitplot,4,0.8849,NA,silt loam,NA,hairy vetch,legume,Y,summer,after,summer annual,Aug,8,28,45,drilled,May,5,24,herbicide,M,corn,May,5,24,3410,NA,50,NA,41,NA,150,NA,217,NA,8020,NA,9770,NA,NA,28,2018-08-28,240,NA,2019-05-24,144,NA,2019-05-24,144,269,0,-0.1973780441762683,2,non-grass,3.41,den,0.19845093872383823
93,9,Hoffman et al. 1993,1993,"Columbus, OH",39.9612,-82.9988,splitplot,4,0.8849,NA,silt loam,NA,hairy vetch,legume,Y,summer,after,summer annual,Aug,8,28,45,drilled,May,5,24,roller crimper,M,corn,May,5,24,4830,NA,16,NA,34,NA,43,NA,103,NA,7630,NA,8560,NA,NA,28,2018-08-28,240,NA,2019-05-24,144,NA,2019-05-24,144,269,0,-0.11501234485728512,2,non-grass,4.83,den,-0.7537718023763802
94,9,Hoffman et al. 1993,1993,"Columbus, OH",39.9612,-82.9988,splitplot,4,0.8849,NA,silt loam,NA,hairy vetch,legume,Y,summer,after,summer annual,Aug,8,28,45,drilled,May,5,24,mowing,M,corn,May,5,24,3510,NA,23,NA,34,NA,128,NA,103,NA,6830,NA,8560,NA,NA,28,2018-08-28,240,NA,2019-05-24,144,NA,2019-05-24,144,269,0,-0.22577551657095207,2,non-grass,3.51,den,-0.39086630868701167
95,9,Hoffman et al. 1993,1993,"Columbus, OH",39.9612,-82.9988,splitplot,4,0.8849,NA,silt loam,NA,hairy vetch,legume,Y,summer,after,summer annual,Aug,8,28,45,drilled,Jun,6,18,herbicide,H,corn,Jun,6,18,3180,NA,19,NA,34,NA,39,NA,103,NA,7700,NA,8560,NA,NA,28,2018-08-28,240,NA,2019-06-18,169,NA,2019-06-18,169,294,0,-0.10587986129401256,2,non-grass,3.18,den,-0.5819215454497209
96,9,Hoffman et al. 1993,1993,"Columbus, OH",39.9612,-82.9988,splitplot,4,0.8849,NA,silt loam,NA,hairy vetch,legume,Y,summer,after,summer annual,Aug,8,28,45,drilled,Jun,6,18,roller crimper,M,corn,Jun,6,18,4960,NA,5,NA,20,NA,28,NA,30,NA,7510,NA,5310,NA,NA,28,2018-08-28,240,NA,2019-06-18,169,NA,2019-06-18,169,294,0,0.346643630522196,2,non-grass,4.96,den,-1.3862943611198906
97,9,Hoffman et al. 1993,1993,"Columbus, OH",39.9612,-82.9988,splitplot,4,0.8849,NA,silt loam,NA,hairy vetch,legume,Y,summer,after,summer annual,Aug,8,28,45,drilled,Jun,6,18,mowing,M,corn,Jun,6,18,6470,NA,7,NA,20,NA,6,NA,30,NA,5900,NA,5310,NA,NA,28,2018-08-28,240,NA,2019-06-18,169,NA,2019-06-18,169,294,0,0.10536051565782635,2,non-grass,6.47,den,-1.0498221244986778
98,9,Hoffman et al. 1993,1993,"Columbus, OH",39.9612,-82.9988,splitplot,4,0.8849,NA,silt loam,NA,hairy vetch,legume,Y,summer,after,summer annual,Aug,8,28,45,drilled,Apr,4,30,herbicide,H,corn,Apr,4,30,4680,NA,6,NA,20,NA,21,NA,30,NA,5630,NA,5310,NA,NA,28,2018-08-28,240,NA,2019-04-30,120,NA,2019-04-30,120,245,0,0.05851760689775151,2,non-grass,4.68,den,-1.2039728043259361
99,9,Hoffman et al. 1993,1993,"Columbus, OH",39.9612,-82.9988,splitplot,4,0.8849,NA,silt loam,NA,hairy vetch,legume,Y,summer,after,summer annual,Aug,8,28,45,drilled,Apr,4,30,roller crimper,M,corn,Apr,4,30,4320,NA,17,NA,49,NA,80,NA,647,NA,920,NA,2840,NA,NA,28,2018-08-28,240,NA,2019-04-30,120,NA,2019-04-30,120,245,0,-1.1271856611121658,2,non-grass,4.32,den,-1.0586069540544105
100,9,Hoffman et al. 1993,1993,"Columbus, OH",39.9612,-82.9988,splitplot,4,0.8849,NA,silt loam,NA,hairy vetch,legume,Y,summer,after,summer annual,Aug,8,28,45,drilled,Apr,4,30,mowing,M,corn,Apr,4,30,3750,NA,17,NA,49,NA,231,NA,647,NA,500,NA,2840,NA,NA,28,2018-08-28,240,NA,2019-04-30,120,NA,2019-04-30,120,245,0,-1.73695123273306,2,non-grass,3.75,den,-1.0586069540544105
101,9,Hoffman et al. 1993,1993,"Columbus, OH",39.9612,-82.9988,splitplot,4,0.8849,NA,silt loam,NA,hairy vetch,legume,Y,summer,after,summer annual,Aug,8,28,45,drilled,Apr,4,30,mowing,M,corn,Apr,4,30,2940,NA,33,NA,49,NA,377,NA,647,NA,580,NA,2840,NA,NA,28,2018-08-28,240,NA,2019-04-30,120,NA,2019-04-30,120,245,0,-1.5885312276147867,2,non-grass,2.94,den,-0.3953127366441464
102,9,Hoffman et al. 1993,1993,"Columbus, OH",39.9612,-82.9988,splitplot,4,0.8849,NA,silt loam,NA,hairy vetch,legume,Y,summer,after,summer annual,Aug,8,28,45,drilled,May,5,16,herbicide,H,corn,May,5,16,1960,NA,46,NA,49,NA,663,NA,647,NA,720,NA,2840,NA,NA,28,2018-08-28,240,NA,2019-05-16,136,NA,2019-05-16,136,261,0,-1.3723081191451507,2,non-grass,1.96,den,-0.06317890162153156
103,9,Hoffman et al. 1993,1993,"Columbus, OH",39.9612,-82.9988,splitplot,4,0.8849,NA,silt loam,NA,hairy vetch,legume,Y,summer,after,summer annual,Aug,8,28,45,drilled,May,5,16,roller crimper,M,corn,May,5,16,3180,NA,27,NA,34,NA,90,NA,152,NA,3200,NA,4130,NA,NA,28,2018-08-28,240,NA,2019-05-16,136,NA,2019-05-16,136,261,0,-0.25512659716726055,2,non-grass,3.18,den,-0.23052365861183238
104,9,Hoffman et al. 1993,1993,"Columbus, OH",39.9612,-82.9988,splitplot,4,0.8849,NA,silt loam,NA,hairy vetch,legume,Y,summer,after,summer annual,Aug,8,28,45,drilled,May,5,16,mowing,M,corn,May,5,16,3360,NA,25,NA,34,NA,165,NA,152,NA,3660,NA,4130,NA,NA,28,2018-08-28,240,NA,2019-05-16,136,NA,2019-05-16,136,261,0,-0.12081425955966647,2,non-grass,3.36,den,-0.30748469974796055
105,9,Hoffman et al. 1993,1993,"Columbus, OH",39.9612,-82.9988,splitplot,4,0.8849,NA,silt loam,NA,hairy vetch,legume,Y,summer,after,summer annual,Aug,8,28,45,drilled,May,5,16,mowing,M,corn,May,5,16,2250,NA,18,NA,34,NA,79,NA,152,NA,3090,NA,4130,NA,NA,28,2018-08-28,240,NA,2019-05-16,136,NA,2019-05-16,136,261,0,-0.29010631606328724,2,non-grass,2.25,den,-0.6359887667199967
106,9,Hoffman et al. 1993,1993,"Columbus, OH",39.9612,-82.9988,splitplot,4,0.8849,NA,silt loam,NA,hairy vetch,legume,Y,summer,after,summer annual,Aug,8,28,45,drilled,Jun,6,5,herbicide,H,corn,May,5,5,3620,NA,19,NA,34,NA,137,NA,152,NA,3910,NA,4130,NA,NA,28,2018-08-28,240,NA,2019-06-05,156,NA,2019-05-05,125,281,-31,-0.054740032975666986,2,non-grass,3.62,den,-0.5819215454497209
107,9,Hoffman et al. 1993,1993,"Columbus, OH",39.9612,-82.9988,splitplot,4,0.8849,NA,silt loam,NA,hairy vetch,legume,Y,summer,after,summer annual,Aug,8,28,45,drilled,Jun,6,5,roller crimper,M,corn,May,5,5,3640,NA,6,NA,2,NA,39,NA,12,NA,2410,NA,3300,NA,NA,28,2018-08-28,240,NA,2019-06-05,156,NA,2019-05-05,125,281,-31,-0.31429572096987085,2,non-grass,3.64,den,1.0986122886681098
108,9,Hoffman et al. 1993,1993,"Columbus, OH",39.9612,-82.9988,splitplot,4,0.8849,NA,silt loam,NA,hairy vetch,legume,Y,summer,after,summer annual,Aug,8,28,45,drilled,Jun,6,5,mowing,M,corn,May,5,5,3290,NA,12,NA,2,NA,147,NA,12,NA,2340,NA,3300,NA,NA,28,2018-08-28,240,NA,2019-06-05,156,NA,2019-05-05,125,281,-31,-0.3437715391028245,2,non-grass,3.29,den,1.791759469228055
109,9,Hoffman et al. 1993,1993,"Columbus, OH",39.9612,-82.9988,splitplot,4,0.8849,NA,silt loam,NA,hairy vetch,legume,Y,summer,after,summer annual,Aug,8,28,45,drilled,Jun,6,5,mowing,M,corn,May,5,5,3130,NA,10,NA,2,NA,71,NA,12,NA,1670,NA,3300,NA,NA,28,2018-08-28,240,NA,2019-06-05,156,NA,2019-05-05,125,281,-31,-0.6810988420437707,2,non-grass,3.13,den,1.6094379124341003
110,9,Hoffman et al. 1993,1993,"Columbus, OH",39.9612,-82.9988,splitplot,4,0.8849,NA,silt loam,NA,hairy vetch,legume,Y,summer,after,summer annual,Aug,8,28,45,drilled,Jun,6,6,herbicide,H,corn,May,5,6,3720,NA,4,NA,2,NA,35,NA,12,NA,2830,NA,3300,NA,NA,28,2018-08-28,240,NA,2019-06-06,157,NA,2019-05-06,126,282,-31,-0.15364575681728831,2,non-grass,3.72,den,0.6931471805599453
111,10,"Mock et al., 2012",2012,"West Lafayette, IN",40.4259,-86.9081,RCBDsplitplot,6,0.8955,3,silt loam,6.3,winter wheat,grass,N,fall,after,winter annual,Oct,10,NA,67,drilled,May,5,1,herbicide,H,corn/soy,May,5,10,NA,NA,149,NA,9,NA,NA,NA,NA,NA,NA,NA,NA,NA,Y,15,NA,NA,NA,2019-05-01,121,NA,2019-05-10,130,NA,9,NA,3,grass,NA,den,2.80672172860924
112,10,"Mock et al., 2012",2012,"West Lafayette, IN",40.4259,-86.9081,RCBDsplitplot,6,0.8955,3,silt loam,6.3,rye grass,grass,N,fall,after,winter annual,Oct,10,NA,34,broadcast,May,5,2,herbicide,H,corn/soy,May,5,10,NA,NA,332,NA,9,NA,NA,NA,NA,NA,NA,NA,NA,NA,Y,15,NA,NA,NA,2019-05-02,122,NA,2019-05-10,130,NA,8,NA,3,grass,NA,den,3.607910391580269
113,10,"Mock et al., 2012",2012,"Vincennes, IN",38.6773,-87.5286,RCBDsplitplot,6,0.9642,1,silt loam,6.9,winter wheat,grass,N,fall,after,winter annual,Oct,10,NA,67,drilled,May,5,3,herbicide,H,corn/soy,May,5,10,NA,NA,377,NA,77,NA,NA,NA,NA,NA,NA,NA,NA,NA,Y,15,NA,NA,NA,2019-05-03,123,NA,2019-05-10,130,NA,7,NA,3,grass,NA,den,1.588439765594327
114,10,"Mock et al., 2012",2012,"Vincennes, IN",38.6773,-87.5286,RCBDsplitplot,6,0.9642,1,silt loam,6.9,rye grass,grass,N,fall,after,winter annual,Oct,10,NA,34,broadcast,May,5,4,herbicide,H,corn/soy,May,5,10,NA,NA,393,NA,77,NA,NA,NA,NA,NA,NA,NA,NA,NA,Y,15,NA,NA,NA,2019-05-04,124,NA,2019-05-10,130,NA,6,NA,3,grass,NA,den,1.6300041900155775
115,11,"Werle et al., 2017",2017,"North Platte, NE",41.132511,-100.763969,RCBD,3,0.4388,NA,silt loam,NA,rye,grass,Y,spring,before,winter annual,Oct,10,17,67,drilled,Apr,4,18,herbicide,H,corn,NA,NA,NA,3766,201,17,5,196,25,10,4,115,11,NA,NA,NA,NA,NA,17,2018-10-17,290,NA,2019-04-18,108,NA,NA,NA,183,NA,NA,1.5,grass,3.766,den,-2.444901315174301
117,12,"Crawford et al., 2018",2018,"Urbana, IL",40.076623,-88.239866,RCBDsplitplot,3,0.9116,3.4,silt loam,5.9,radish,brassica,N,summer,after,summer annual,NA,NA,NA,NA,drilled,NA,NA,NA,winter kill,W,soybean,NA,NA,NA,438,NA,113.4,NA,96,NA,1164,NA,1554,NA,NA,NA,NA,NA,NA,NA,NA,NA,NA,NA,NA,NA,NA,NA,NA,NA,NA,1.5,non-grass,0.438,den,0.16657319982581556
118,12,"Crawford et al., 2018",2018,"Urbana, IL",40.076623,-88.239866,RCBDsplitplot,3,0.9116,3.4,silt loam,5.9,canola,brassica,N,summer,after,summer annual,NA,NA,NA,NA,drilled,NA,NA,NA,herbicide,H,soybean,NA,NA,NA,1205,NA,146.2,NA,96,NA,983,NA,1554,NA,NA,NA,NA,NA,NA,NA,NA,NA,NA,NA,NA,NA,NA,NA,NA,NA,NA,1.5,non-grass,1.205,den,0.4206273558478418
119,12,"Crawford et al., 2018",2018,"Urbana, IL",40.076623,-88.239866,RCBDsplitplot,3,0.9116,3.4,silt loam,5.9,rye,grass,N,summer,after,summer annual,NA,NA,NA,NA,drilled,NA,NA,NA,herbicide,H,soybean,NA,NA,NA,2375,NA,77.7,NA,96,NA,226,NA,1554,NA,NA,NA,NA,NA,NA,NA,NA,NA,NA,NA,NA,NA,NA,NA,NA,NA,NA,1.5,grass,2.375,den,-0.2114929340942344
120,12,"Crawford et al., 2018",2018,"Urbana, IL",40.076623,-88.239866,RCBDsplitplot,3,0.9116,3.4,silt loam,5.9,canola,brassica,N,summer,after,summer annual,NA,NA,NA,NA,drilled,NA,NA,NA,herbicide,H,soybean,NA,NA,NA,2360,NA,170.8,NA,96,NA,548,NA,1554,NA,NA,NA,NA,NA,NA,NA,NA,NA,NA,NA,NA,NA,NA,NA,NA,NA,NA,1.5,non-grass,2.36,den,0.5761450898866333
121,12,"Crawford et al., 2018",2018,"Urbana, IL",40.076623,-88.239866,RCBDsplitplot,3,0.9116,3.4,silt loam,5.9,rye,grass,N,summer,after,summer annual,NA,NA,NA,NA,drilled,NA,NA,NA,herbicide,H,soybean,NA,NA,NA,9003,NA,7.3,NA,96,NA,104,NA,1554,NA,NA,NA,NA,NA,NA,NA,NA,NA,NA,NA,NA,NA,NA,NA,NA,NA,NA,1.5,grass,9.003,den,-2.576473843313491
122,13,"Cornelius and Bradley,",2017,"Columbia, Missouri",38.89805556,-92.37055556,RCBD,4,0.8625,2.2,silt loam,6.4,austrian winter pea,legume,N,spring,before,summer annual,Sep,9,NA,56,drilled,Apr,4,30,herbicide,H,soybean,NA,NA,NA,223,NA,1307,NA,987,NA,NA,NA,NA,NA,NA,NA,NA,NA,Y,15,NA,NA,NA,2019-04-30,120,NA,NA,NA,NA,NA,NA,2,non-grass,0.223,den,0.2808196741907403
123,13,"Cornelius and Bradley,",2017,"Columbia, Missouri",38.89805556,-92.37055556,RCBD,4,0.8625,2.2,silt loam,6.4,hairy vetch,legume,N,spring,before,summer annual,Sep,9,NA,34,drilled,Apr,4,30,herbicide,H,soybean,NA,NA,NA,815,NA,1282,NA,987,NA,NA,NA,NA,NA,NA,NA,NA,NA,Y,15,NA,NA,NA,2019-04-30,120,NA,NA,NA,NA,NA,NA,2,non-grass,0.815,den,0.2615065980471337
124,13,"Cornelius and Bradley,",2017,"Columbia, Missouri",38.89805556,-92.37055556,RCBD,4,0.8625,2.2,silt loam,6.4,crimson clover,legume,N,spring,before,summer annual,Sep,9,NA,34,drilled,Apr,4,30,herbicide,H,soybean,NA,NA,NA,436,NA,1268,NA,987,NA,NA,NA,NA,NA,NA,NA,NA,NA,Y,15,NA,NA,NA,2019-04-30,120,NA,NA,NA,NA,NA,NA,2,non-grass,0.436,den,0.2505260955636896
125,13,"Cornelius and Bradley,",2017,"Columbia, Missouri",38.89805556,-92.37055556,RCBD,4,0.8625,2.2,silt loam,6.4,oilseed radish,brassica,N,spring,before,summer annual,Sep,9,NA,9,drilled,Apr,4,30,herbicide,H,soybean,NA,NA,NA,0,NA,1267,NA,987,NA,NA,NA,NA,NA,NA,NA,NA,NA,Y,15,NA,NA,NA,2019-04-30,120,NA,NA,NA,NA,NA,NA,2,non-grass,0,den,0.24973714088765744
126,13,"Cornelius and Bradley,",2017,"Columbia, Missouri",38.89805556,-92.37055556,RCBD,4,0.8625,2.2,silt loam,6.4,winter oat,grass,N,spring,before,summer annual,Sep,9,NA,78,drilled,Apr,4,30,herbicide,H,soybean,NA,NA,NA,135,NA,1218,NA,987,NA,NA,NA,NA,NA,NA,NA,NA,NA,Y,15,NA,NA,NA,2019-04-30,120,NA,NA,NA,NA,NA,NA,2,grass,0.135,den,0.21029540883636075
127,13,"Cornelius and Bradley,",2017,"Moberly, Missouri",39.418369,-92.438237,RCBD,4,0.916,2.2,silt loam,6.4,italian ryegrass,grass,N,spring,before,summer annual,Sep,9,NA,28,drilled,Apr,4,30,herbicide,H,soybean,NA,NA,NA,953,NA,1076,NA,987,NA,NA,NA,NA,NA,NA,NA,NA,NA,Y,15,NA,NA,NA,2019-04-30,120,NA,NA,NA,NA,NA,NA,2,grass,0.953,den,0.08633570128824804
128,13,"Cornelius and Bradley,",2017,"Moberly, Missouri",39.418369,-92.438237,RCBD,4,0.916,2.2,silt loam,6.4,cereal rye + hairy vetch,mix,N,spring,before,summer annual,Sep,9,NA,112,drilled,Apr,4,30,herbicide,H,soybean,NA,NA,NA,2774,NA,925,NA,987,NA,NA,NA,NA,NA,NA,NA,NA,NA,Y,15,NA,NA,NA,2019-04-30,120,NA,NA,NA,NA,NA,NA,2,non-grass,2.774,den,-0.06487630192105642
129,13,"Cornelius and Bradley,",2017,"Moberly, Missouri",39.418369,-92.438237,RCBD,4,0.916,2.2,silt loam,6.4,cereal rye,grass,N,spring,before,summer annual,Sep,9,NA,123,drilled,Apr,4,30,herbicide,H,soybean,NA,NA,NA,2291,NA,705,NA,987,NA,NA,NA,NA,NA,NA,NA,NA,NA,Y,15,NA,NA,NA,2019-04-30,120,NA,NA,NA,NA,NA,NA,2,grass,2.291,den,-0.3364722366212129
130,13,"Cornelius and Bradley,",2017,"Moberly, Missouri",39.418369,-92.438237,RCBD,4,0.916,2.2,silt loam,6.4,winter wheat,grass,N,spring,before,summer annual,Sep,9,NA,135,drilled,Apr,4,30,herbicide,H,soybean,NA,NA,NA,1424,NA,1132,NA,987,NA,NA,NA,NA,NA,NA,NA,NA,NA,Y,15,NA,NA,NA,2019-04-30,120,NA,NA,NA,NA,NA,NA,2,grass,1.424,den,0.13707121932964664
144,15,"Williams et al., 1998",1998,"Ithaca, Nebraska",41.145575,-96.498209,splitplot,3,0.7149,2.8,silty clay loam,5.8,barley,grass,N,summer,after,summer annual,Sep,9,7,78.4,drilled,May,5,23,herbicide,H,soybean,May,5,21,130,NA,78,NA,71,NA,13.4,NA,21.4,NA,1480,NA,1200,NA,NA,7,2018-09-07,250,NA,2019-05-23,143,NA,2019-05-21,141,258,-2,0.2097205309820691,1.5,grass,0.13,den,0.09402894964827639
145,15,"Williams et al., 1998",1998,"Ithaca, Nebraska",41.145575,-96.498209,splitplot,3,0.7149,2.8,silty clay loam,5.8,rye,grass,N,summer,after,summer annual,Sep,9,7,78.4,drilled,May,5,23,herbicide,H,soybean,May,5,21,2890,NA,74,NA,71,NA,0.7,NA,21.4,NA,2190,NA,1200,NA,NA,7,2018-09-07,250,NA,2019-05-23,143,NA,2019-05-21,141,258,-2,0.6015799870344548,1.5,grass,2.89,den,0.04138521616285428
146,15,"Williams et al., 1998",1998,"Ithaca, Nebraska",41.145575,-96.498209,splitplot,3,0.7149,2.8,silty clay loam,5.8,triticale,grass,N,summer,after,summer annual,Sep,9,7,78.4,drilled,May,5,23,herbicide,H,soybean,May,5,21,750,NA,73,NA,71,NA,9.6,NA,21.4,NA,1440,NA,1200,NA,NA,7,2018-09-07,250,NA,2019-05-23,143,NA,2019-05-21,141,258,-2,0.1823215567939546,1.5,grass,0.75,den,0.02777956410707567
147,15,"Williams et al., 1998",1998,"Ithaca, Nebraska",41.145575,-96.498209,splitplot,3,0.7149,2.8,silty clay loam,5.8,wheat,grass,N,summer,after,summer annual,Sep,9,7,78.4,drilled,May,5,23,herbicide,H,soybean,May,5,21,2170,NA,90,NA,71,NA,3.5,NA,21.4,NA,1960,NA,1200,NA,NA,7,2018-09-07,250,NA,2019-05-23,143,NA,2019-05-21,141,258,-2,0.4906229164484712,1.5,grass,2.17,den,0.2371297932889497
148,15,"Williams et al., 1998",1998,"Ithaca, Nebraska",41.145575,-96.498209,splitplot,3,0.7149,2.8,silty clay loam,5.8,vetch,legume,N,summer,after,summer annual,Sep,9,7,35.8,drilled,May,5,23,herbicide,H,soybean,May,5,21,650,NA,99,NA,71,NA,8.7,NA,21.4,NA,1700,NA,1200,NA,NA,7,2018-09-07,250,NA,2019-05-23,143,NA,2019-05-21,141,258,-2,0.3483066942682158,1.5,non-grass,0.65,den,0.33243997309327444
149,13,"Cornelius and Bradley,",2017,"Columbia, Missouri",38.89805556,-92.37055556,RCBD,4,NA,2.2,silt loam,6.4,austrian winter pea,legume,N,spring,before,winter annual,Sep,9,NA,56,drilled,Apr,4,30,herbicide,H,soybean,NA,NA,NA,NA,NA,156,NA,238,NA,NA,NA,NA,NA,NA,NA,NA,NA,Y,15,NA,NA,NA,2019-04-30,120,NA,NA,NA,NA,NA,NA,2,non-grass,NA,den,-0.42241466642193765
150,13,"Cornelius and Bradley,",2017,"Columbia, Missouri",38.89805556,-92.37055556,RCBD,4,NA,2.2,silt loam,6.4,hairy vetch,legume,N,spring,before,winter annual,Sep,9,NA,34,drilled,Apr,4,30,herbicide,H,soybean,NA,NA,NA,NA,NA,166,NA,238,NA,NA,NA,NA,NA,NA,NA,NA,NA,Y,15,NA,NA,NA,2019-04-30,120,NA,NA,NA,NA,NA,NA,2,non-grass,NA,den,-0.3602828853149315
151,13,"Cornelius and Bradley,",2017,"Columbia, Missouri",38.89805556,-92.37055556,RCBD,4,NA,2.2,silt loam,6.4,crimson clover,legume,N,spring,before,winter annual,Sep,9,NA,34,drilled,Apr,4,30,herbicide,H,soybean,NA,NA,NA,NA,NA,181,NA,238,NA,NA,NA,NA,NA,NA,NA,NA,NA,Y,15,NA,NA,NA,2019-04-30,120,NA,NA,NA,NA,NA,NA,2,non-grass,NA,den,-0.273773642405649
152,13,"Cornelius and Bradley,",2017,"Columbia, Missouri",38.89805556,-92.37055556,RCBD,4,NA,2.2,silt loam,6.4,oilseed radish,brassica,N,spring,before,winter annual,Sep,9,NA,9,drilled,Apr,4,30,herbicide,H,soybean,NA,NA,NA,NA,NA,184,NA,238,NA,NA,NA,NA,NA,NA,NA,NA,NA,Y,15,NA,NA,NA,2019-04-30,120,NA,NA,NA,NA,NA,NA,2,non-grass,NA,den,-0.25733491606248904
153,13,"Cornelius and Bradley,",2017,"Columbia, Missouri",38.89805556,-92.37055556,RCBD,4,NA,2.2,silt loam,6.4,winter oat,grass,N,spring,before,winter annual,Sep,9,NA,78,drilled,Apr,4,30,herbicide,H,soybean,NA,NA,NA,NA,NA,151,NA,238,NA,NA,NA,NA,NA,NA,NA,NA,NA,Y,15,NA,NA,NA,2019-04-30,120,NA,NA,NA,NA,NA,NA,2,grass,NA,den,-0.4549908368565504
154,13,"Cornelius and Bradley,",2017,"Moberly, Missouri",39.418369,-92.438237,RCBD,4,NA,2.2,silt loam,6.4,italian ryegrass,grass,N,spring,before,winter annual,Sep,9,NA,28,drilled,Apr,4,30,herbicide,H,soybean,NA,NA,NA,NA,NA,111,NA,238,NA,NA,NA,NA,NA,NA,NA,NA,NA,Y,15,NA,NA,NA,2019-04-30,120,NA,NA,NA,NA,NA,NA,2,grass,NA,den,-0.7627404723591406
155,13,"Cornelius and Bradley,",2017,"Moberly, Missouri",39.418369,-92.438237,RCBD,4,NA,2.2,silt loam,6.4,cereal rye + hairy vetch,mix,N,spring,before,winter annual,Sep,9,NA,112,drilled,Apr,4,30,herbicide,H,soybean,NA,NA,NA,NA,NA,74,NA,238,NA,NA,NA,NA,NA,NA,NA,NA,NA,Y,15,NA,NA,NA,2019-04-30,120,NA,NA,NA,NA,NA,NA,2,non-grass,NA,den,-1.1682055804673048
156,13,"Cornelius and Bradley,",2017,"Moberly, Missouri",39.418369,-92.438237,RCBD,4,NA,2.2,silt loam,6.4,cereal rye,grass,N,spring,before,winter annual,Sep,9,NA,123,drilled,Apr,4,30,herbicide,H,soybean,NA,NA,NA,NA,NA,67,NA,238,NA,NA,NA,NA,NA,NA,NA,NA,NA,Y,15,NA,NA,NA,2019-04-30,120,NA,NA,NA,NA,NA,NA,2,grass,NA,den,-1.2675780542805086
157,13,"Cornelius and Bradley,",2017,"Moberly, Missouri",39.418369,-92.438237,RCBD,4,NA,2.2,silt loam,6.4,winter wheat,grass,N,spring,before,winter annual,Sep,9,NA,135,drilled,Apr,4,30,herbicide,H,soybean,NA,NA,NA,NA,NA,116,NA,238,NA,NA,NA,NA,NA,NA,NA,NA,NA,Y,15,NA,NA,NA,2019-04-30,120,NA,NA,NA,NA,NA,NA,2,grass,NA,den,-0.7186804825651101
